,date,region,cancer,population,"European Standard population rate per 100,000"
0,2018-12-31,East,3603.0,5515055.0,68.38000000000001
1,2018-12-31,East Midlands,2652.0,4122225.0,66.855
2,2018-12-31,London,677.0,1606708.0,62.30500000000001
3,2018-12-31,North East,690.0,1091856.0,66.35500000000002
4,2018-12-31,North West,1443.0,2048923.0,69.32000000000001
5,2018-12-31,South East,926.0,1567094.0,58.01499999999999
6,2018-12-31,South West,2445.0,3232506.0,70.19500000000001
7,2018-12-31,West Midlands,464.0,985075.0,56.03
8,2018-12-31,Yorkshire and The Humber,2266.0,3383334.0,71.86
9,2019-01-07,East,4418.0,5517160.0,83.65499999999999
10,2019-01-07,East Midlands,3140.0,4122794.0,78.74000000000001
11,2019-01-07,London,943.0,1608044.0,86.38
12,2019-01-07,North East,937.0,1091984.0,89.645
13,2019-01-07,North West,1813.0,2049164.0,86.73500000000001
14,2019-01-07,South East,1127.0,1567011.0,70.735
15,2019-01-07,South West,3051.0,3233017.0,87.53500000000001
16,2019-01-07,West Midlands,540.0,985301.0,64.1
17,2019-01-07,Yorkshire and The Humber,2751.0,3383753.0,87.19500000000002
18,2019-01-14,East,4187.0,5518827.0,79.21000000000001
19,2019-01-14,East Midlands,3123.0,4123766.0,78.40500000000002
20,2019-01-14,London,831.0,1609766.0,75.305
21,2019-01-14,North East,851.0,1092155.0,82.14500000000001
22,2019-01-14,North West,1680.0,2049685.0,80.11499999999998
23,2019-01-14,South East,1105.0,1567104.0,69.295
24,2019-01-14,South West,2871.0,3234147.0,81.825
25,2019-01-14,West Midlands,574.0,985704.0,68.69000000000001
26,2019-01-14,Yorkshire and The Humber,2592.0,3384413.0,82.27000000000001
27,2019-01-21,East,4151.0,5520340.0,78.695
28,2019-01-21,East Midlands,2994.0,4124869.0,75.33
29,2019-01-21,London,834.0,1611443.0,74.8
30,2019-01-21,North East,874.0,1092293.0,84.03000000000002
31,2019-01-21,North West,1687.0,2050003.0,80.935
32,2019-01-21,South East,1108.0,1567258.0,69.22
33,2019-01-21,South West,2828.0,3235271.0,80.79499999999999
34,2019-01-21,West Midlands,582.0,985896.0,69.14
35,2019-01-21,Yorkshire and The Humber,2569.0,3384959.0,81.28
36,2019-01-28,East,4191.0,5522002.0,79.485
37,2019-01-28,East Midlands,3156.0,4125954.0,79.105
38,2019-01-28,London,845.0,1612668.0,77.97500000000001
39,2019-01-28,North East,894.0,1092347.0,86.27
40,2019-01-28,North West,1653.0,2050330.0,79.14000000000001
41,2019-01-28,South East,1058.0,1567638.0,66.425
42,2019-01-28,South West,2758.0,3237579.0,79.005
43,2019-01-28,West Midlands,554.0,986094.0,65.83999999999999
44,2019-01-28,Yorkshire and The Humber,2700.0,3385619.0,85.44
45,2019-02-04,East,4183.0,5523410.0,78.83999999999999
46,2019-02-04,East Midlands,3159.0,4127314.0,79.18999999999998
47,2019-02-04,London,870.0,1614441.0,80.18500000000002
48,2019-02-04,North East,829.0,1092482.0,79.68500000000002
49,2019-02-04,North West,1706.0,2050678.0,81.655
50,2019-02-04,South East,1117.0,1568125.0,69.955
51,2019-02-04,South West,2797.0,3238714.0,79.71999999999998
52,2019-02-04,West Midlands,536.0,986522.0,64.03500000000001
53,2019-02-04,Yorkshire and The Humber,2663.0,3386129.0,84.19999999999999
54,2019-02-11,East,4258.0,5524457.0,80.47
55,2019-02-11,East Midlands,3215.0,4128080.0,80.75
56,2019-02-11,London,916.0,1615701.0,83.41000000000001
57,2019-02-11,North East,832.0,1092598.0,79.355
58,2019-02-11,North West,1686.0,2050966.0,80.32000000000001
59,2019-02-11,South East,1071.0,1568338.0,66.98
60,2019-02-11,South West,2835.0,3239613.0,80.655
61,2019-02-11,West Midlands,612.0,986703.0,72.69
62,2019-02-11,Yorkshire and The Humber,2530.0,3386559.0,79.94500000000002
63,2019-02-18,East,4107.0,5525617.0,77.62
64,2019-02-18,East Midlands,3049.0,4128999.0,76.46
65,2019-02-18,London,867.0,1617063.0,79.47
66,2019-02-18,North East,852.0,1092806.0,81.81
67,2019-02-18,North West,1638.0,2051210.0,78.325
68,2019-02-18,South East,1060.0,1568466.0,66.12
69,2019-02-18,South West,2693.0,3240767.0,76.575
70,2019-02-18,West Midlands,567.0,987132.0,67.36000000000001
71,2019-02-18,Yorkshire and The Humber,2533.0,3386772.0,80.25999999999999
72,2019-02-25,East,4198.0,5527048.0,79.61500000000001
73,2019-02-25,East Midlands,3101.0,4129895.0,77.97
74,2019-02-25,London,827.0,1618130.0,75.66
75,2019-02-25,North East,884.0,1092811.0,84.93
76,2019-02-25,North West,1627.0,2051466.0,77.82000000000002
77,2019-02-25,South East,1053.0,1568781.0,66.105
78,2019-02-25,South West,2789.0,3242207.0,79.35499999999999
79,2019-02-25,West Midlands,577.0,987239.0,68.54000000000002
80,2019-02-25,Yorkshire and The Humber,2541.0,3387213.0,80.60499999999999
81,2019-03-04,East,4237.0,5528037.0,79.84
82,2019-03-04,East Midlands,3135.0,4130695.0,78.36999999999999
83,2019-03-04,London,868.0,1618965.0,78.79499999999999
84,2019-03-04,North East,888.0,1092816.0,84.91500000000002
85,2019-03-04,North West,1753.0,2052089.0,83.77
86,2019-03-04,South East,1098.0,1568821.0,68.57
87,2019-03-04,South West,2793.0,3243060.0,79.53000000000002
88,2019-03-04,West Midlands,586.0,987296.0,69.47999999999999
89,2019-03-04,Yorkshire and The Humber,2547.0,3387521.0,80.54499999999999
90,2019-03-11,East,4343.0,5529554.0,82.0
91,2019-03-11,East Midlands,3185.0,4131749.0,79.825
92,2019-03-11,London,886.0,1620608.0,80.68499999999999
93,2019-03-11,North East,880.0,1092868.0,84.32
94,2019-03-11,North West,1733.0,2052402.0,82.68
95,2019-03-11,South East,1177.0,1568803.0,73.435
96,2019-03-11,South West,2979.0,3245066.0,84.65
97,2019-03-11,West Midlands,577.0,987378.0,68.525
98,2019-03-11,Yorkshire and The Humber,2700.0,3387773.0,85.34500000000001
99,2019-03-18,East,4203.0,5530742.0,79.33000000000001
100,2019-03-18,East Midlands,3233.0,4132277.0,80.91
101,2019-03-18,London,851.0,1621753.0,76.795
102,2019-03-18,North East,839.0,1092870.0,80.63500000000002
103,2019-03-18,North West,1591.0,2052523.0,76.20500000000001
104,2019-03-18,South East,1071.0,1569055.0,66.925
105,2019-03-18,South West,2759.0,3245734.0,78.475
106,2019-03-18,West Midlands,556.0,987417.0,66.02000000000001
107,2019-03-18,Yorkshire and The Humber,2490.0,3388238.0,78.885
108,2019-03-25,East,4131.0,5531949.0,78.045
109,2019-03-25,East Midlands,3102.0,4133178.0,77.69000000000001
110,2019-03-25,London,824.0,1622928.0,75.28
111,2019-03-25,North East,851.0,1092992.0,81.44999999999999
112,2019-03-25,North West,1557.0,2052640.0,74.05
113,2019-03-25,South East,1069.0,1569363.0,66.81
114,2019-03-25,South West,2666.0,3250433.0,75.90499999999999
115,2019-03-25,West Midlands,555.0,987382.0,66.39
116,2019-03-25,Yorkshire and The Humber,2505.0,3388717.0,79.11999999999999
117,2019-04-01,East,4265.0,5531706.0,80.15
118,2019-04-01,East Midlands,3241.0,4132737.0,80.96
119,2019-04-01,London,823.0,1622869.0,75.065
120,2019-04-01,North East,852.0,1092879.0,81.725
121,2019-04-01,North West,1779.0,2052430.0,84.95500000000001
122,2019-04-01,South East,1110.0,1569027.0,69.2
123,2019-04-01,South West,2930.0,3250336.0,83.085
124,2019-04-01,West Midlands,581.0,987171.0,69.01500000000001
125,2019-04-01,Yorkshire and The Humber,2681.0,3388253.0,84.72
126,2019-04-08,East,4277.0,5534458.0,80.47
127,2019-04-08,East Midlands,3263.0,4134819.0,81.31000000000002
128,2019-04-08,London,840.0,1624707.0,76.34
129,2019-04-08,North East,829.0,1093385.0,79.22999999999999
130,2019-04-08,North West,1682.0,2053094.0,80.11999999999999
131,2019-04-08,South East,1124.0,1569686.0,70.31
132,2019-04-08,South West,2829.0,3252159.0,79.955
133,2019-04-08,West Midlands,588.0,987544.0,69.84
134,2019-04-08,Yorkshire and The Humber,2602.0,3389747.0,82.19000000000001
135,2019-04-15,East,3637.0,5535118.0,68.67999999999999
136,2019-04-15,East Midlands,2848.0,4135321.0,71.22
137,2019-04-15,London,729.0,1625870.0,65.355
138,2019-04-15,North East,777.0,1093399.0,74.45999999999998
139,2019-04-15,North West,1495.0,2053153.0,71.235
140,2019-04-15,South East,980.0,1569837.0,60.91000000000001
141,2019-04-15,South West,2468.0,3252794.0,70.025
142,2019-04-15,West Midlands,469.0,987540.0,55.76500000000001
143,2019-04-15,Yorkshire and The Humber,2242.0,3390149.0,70.69500000000001
144,2019-04-22,East,3944.0,5535733.0,74.40500000000002
145,2019-04-22,East Midlands,2955.0,4135672.0,73.91999999999999
146,2019-04-22,London,767.0,1626324.0,68.89499999999998
147,2019-04-22,North East,787.0,1093374.0,75.55
148,2019-04-22,North West,1553.0,2053356.0,74.13
149,2019-04-22,South East,969.0,1569829.0,60.565
150,2019-04-22,South West,2622.0,3253168.0,74.31000000000002
151,2019-04-22,West Midlands,536.0,987517.0,63.945
152,2019-04-22,Yorkshire and The Humber,2428.0,3390414.0,76.52999999999999
153,2019-04-29,East,4376.0,5536864.0,82.495
154,2019-04-29,East Midlands,3356.0,4136444.0,84.03
155,2019-04-29,London,851.0,1627667.0,76.92999999999999
156,2019-04-29,North East,914.0,1093436.0,87.56
157,2019-04-29,North West,1746.0,2053449.0,83.575
158,2019-04-29,South East,1140.0,1569971.0,71.18500000000002
159,2019-04-29,South West,2913.0,3254124.0,82.65
160,2019-04-29,West Midlands,602.0,987475.0,71.335
161,2019-04-29,Yorkshire and The Humber,2674.0,3390863.0,84.455
162,2019-05-06,East,3838.0,5537703.0,72.305
163,2019-05-06,East Midlands,3025.0,4136993.0,75.44500000000001
164,2019-05-06,London,765.0,1628730.0,69.055
165,2019-05-06,North East,768.0,1093463.0,73.555
166,2019-05-06,North West,1545.0,2053638.0,73.435
167,2019-05-06,South East,1034.0,1570096.0,64.12
168,2019-05-06,South West,2571.0,3254923.0,72.75
169,2019-05-06,West Midlands,498.0,987470.0,58.625
170,2019-05-06,Yorkshire and The Humber,2293.0,3391154.0,72.15999999999998
171,2019-05-13,East,4233.0,5539335.0,79.625
172,2019-05-13,East Midlands,3266.0,4137732.0,81.565
173,2019-05-13,London,816.0,1630029.0,73.74
174,2019-05-13,North East,888.0,1093555.0,85.095
175,2019-05-13,North West,1728.0,2053847.0,82.50999999999999
176,2019-05-13,South East,1131.0,1570646.0,70.29
177,2019-05-13,South West,2940.0,3255966.0,83.34500000000001
178,2019-05-13,West Midlands,603.0,987619.0,71.545
179,2019-05-13,Yorkshire and The Humber,2618.0,3391798.0,82.3
180,2019-05-20,East,4381.0,5540840.0,82.47500000000001
181,2019-05-20,East Midlands,3410.0,4138750.0,85.285
182,2019-05-20,London,875.0,1631418.0,79.57
183,2019-05-20,North East,850.0,1093660.0,81.365
184,2019-05-20,North West,1620.0,2054043.0,77.04000000000002
185,2019-05-20,South East,1133.0,1570882.0,70.43
186,2019-05-20,South West,2867.0,3257558.0,81.02000000000001
187,2019-05-20,West Midlands,601.0,987710.0,71.30500000000002
188,2019-05-20,Yorkshire and The Humber,2530.0,3392283.0,79.86500000000001
189,2019-05-27,East,3754.0,5541849.0,70.73
190,2019-05-27,East Midlands,2894.0,4139350.0,72.405
191,2019-05-27,London,715.0,1632632.0,64.905
192,2019-05-27,North East,720.0,1093649.0,68.905
193,2019-05-27,North West,1497.0,2054187.0,71.38499999999999
194,2019-05-27,South East,867.0,1570995.0,53.86
195,2019-05-27,South West,2496.0,3258551.0,70.33500000000001
196,2019-05-27,West Midlands,510.0,987711.0,61.07
197,2019-05-27,Yorkshire and The Humber,2199.0,3392632.0,69.44000000000001
198,2019-06-03,East,4377.0,5543220.0,82.37
199,2019-06-03,East Midlands,3279.0,4139831.0,81.41999999999999
200,2019-06-03,London,833.0,1634127.0,75.27499999999999
201,2019-06-03,North East,889.0,1093789.0,84.54
202,2019-06-03,North West,1700.0,2054251.0,80.72000000000001
203,2019-06-03,South East,1137.0,1571304.0,70.595
204,2019-06-03,South West,2953.0,3260449.0,83.20500000000001
205,2019-06-03,West Midlands,577.0,987788.0,68.06
206,2019-06-03,Yorkshire and The Humber,2559.0,3393095.0,80.665
207,2019-06-10,East,4378.0,5544920.0,82.22500000000001
208,2019-06-10,East Midlands,3325.0,4141048.0,82.84
209,2019-06-10,London,822.0,1635493.0,74.095
210,2019-06-10,North East,807.0,1093886.0,77.44
211,2019-06-10,North West,1717.0,2054699.0,81.92
212,2019-06-10,South East,1089.0,1571735.0,67.67500000000001
213,2019-06-10,South West,2913.0,3262215.0,82.12
214,2019-06-10,West Midlands,557.0,987840.0,66.36500000000001
215,2019-06-10,Yorkshire and The Humber,2601.0,3393833.0,81.69500000000001
216,2019-06-17,East,4099.0,5546988.0,76.985
217,2019-06-17,East Midlands,3197.0,4142373.0,79.74999999999999
218,2019-06-17,London,854.0,1636811.0,76.56
219,2019-06-17,North East,817.0,1093904.0,78.23
220,2019-06-17,North West,1589.0,2054940.0,75.71
221,2019-06-17,South East,1000.0,1571910.0,62.24499999999999
222,2019-06-17,South West,2767.0,3262832.0,78.18500000000002
223,2019-06-17,West Midlands,577.0,988005.0,68.43499999999999
224,2019-06-17,Yorkshire and The Humber,2465.0,3394616.0,77.34
225,2019-06-24,East,4327.0,5549063.0,81.335
226,2019-06-24,East Midlands,3252.0,4143437.0,81.025
227,2019-06-24,London,879.0,1638379.0,80.05499999999999
228,2019-06-24,North East,886.0,1094054.0,84.45499999999998
229,2019-06-24,North West,1720.0,2055282.0,81.79
230,2019-06-24,South East,1057.0,1573107.0,65.75
231,2019-06-24,South West,2829.0,3263551.0,80.09500000000001
232,2019-06-24,West Midlands,605.0,988151.0,71.52
233,2019-06-24,Yorkshire and The Humber,2515.0,3395141.0,79.1
234,2019-07-01,East,4227.0,5550169.0,79.19500000000001
235,2019-07-01,East Midlands,3277.0,4143445.0,81.405
236,2019-07-01,London,827.0,1639023.0,74.815
237,2019-07-01,North East,834.0,1093893.0,79.71
238,2019-07-01,North West,1673.0,2055062.0,79.125
239,2019-07-01,South East,1000.0,1572953.0,61.955000000000005
240,2019-07-01,South West,2968.0,3263498.0,83.28500000000001
241,2019-07-01,West Midlands,607.0,987987.0,71.445
242,2019-07-01,Yorkshire and The Humber,2406.0,3395014.0,75.39000000000001
243,2019-07-08,East,4354.0,5554109.0,81.52
244,2019-07-08,East Midlands,3191.0,4145630.0,79.30499999999999
245,2019-07-08,London,876.0,1641100.0,78.47500000000001
246,2019-07-08,North East,847.0,1094385.0,80.83000000000001
247,2019-07-08,North West,1602.0,2055905.0,76.05
248,2019-07-08,South East,1079.0,1573643.0,66.88499999999999
249,2019-07-08,South West,2856.0,3265219.0,80.29
250,2019-07-08,West Midlands,573.0,988353.0,68.115
251,2019-07-08,Yorkshire and The Humber,2347.0,3396342.0,73.6
252,2019-07-15,East,4245.0,5555798.0,79.69500000000002
253,2019-07-15,East Midlands,3271.0,4146019.0,81.26499999999999
254,2019-07-15,London,878.0,1642143.0,78.67000000000002
255,2019-07-15,North East,812.0,1094481.0,77.12500000000001
256,2019-07-15,North West,1639.0,2056205.0,77.885
257,2019-07-15,South East,1080.0,1573512.0,66.945
258,2019-07-15,South West,2998.0,3265925.0,84.60000000000001
259,2019-07-15,West Midlands,584.0,988523.0,68.86999999999999
260,2019-07-15,Yorkshire and The Humber,2351.0,3396452.0,73.72
261,2019-07-22,East,4184.0,5558020.0,78.55499999999999
262,2019-07-22,East Midlands,3266.0,4146768.0,81.235
263,2019-07-22,London,790.0,1643701.0,71.025
264,2019-07-22,North East,884.0,1094709.0,84.42
265,2019-07-22,North West,1676.0,2056532.0,79.60999999999999
266,2019-07-22,South East,1103.0,1573656.0,68.27000000000001
267,2019-07-22,South West,2848.0,3266633.0,80.32499999999999
268,2019-07-22,West Midlands,587.0,988590.0,68.85
269,2019-07-22,Yorkshire and The Humber,2317.0,3397037.0,72.89
270,2019-07-29,East,4301.0,5559742.0,80.595
271,2019-07-29,East Midlands,3196.0,4147597.0,79.69500000000002
272,2019-07-29,London,819.0,1645147.0,73.395
273,2019-07-29,North East,889.0,1094909.0,85.035
274,2019-07-29,North West,1640.0,2056700.0,77.765
275,2019-07-29,South East,1065.0,1573816.0,66.03000000000002
276,2019-07-29,South West,2903.0,3267328.0,81.56
277,2019-07-29,West Midlands,563.0,988631.0,66.52999999999999
278,2019-07-29,Yorkshire and The Humber,2430.0,3397684.0,76.31500000000001
279,2019-08-05,East,4224.0,5561522.0,79.1
280,2019-08-05,East Midlands,3170.0,4148457.0,78.63499999999999
281,2019-08-05,London,880.0,1646526.0,78.565
282,2019-08-05,North East,839.0,1094929.0,80.02499999999999
283,2019-08-05,North West,1625.0,2056784.0,77.47
284,2019-08-05,South East,1048.0,1573830.0,64.72000000000001
285,2019-08-05,South West,2992.0,3267867.0,84.165
286,2019-08-05,West Midlands,561.0,988541.0,65.71000000000001
287,2019-08-05,Yorkshire and The Humber,2592.0,3398313.0,81.35499999999999
288,2019-08-12,East,4234.0,5563127.0,79.33500000000001
289,2019-08-12,East Midlands,3346.0,4149607.0,83.01999999999998
290,2019-08-12,London,813.0,1647413.0,73.82000000000001
291,2019-08-12,North East,846.0,1094961.0,80.725
292,2019-08-12,North West,1604.0,2057140.0,76.08000000000001
293,2019-08-12,South East,1061.0,1574087.0,65.56000000000002
294,2019-08-12,South West,2871.0,3268999.0,80.84000000000002
295,2019-08-12,West Midlands,630.0,988620.0,74.19000000000001
296,2019-08-12,Yorkshire and The Humber,2505.0,3399073.0,78.52
297,2019-08-19,East,4310.0,5565046.0,80.48500000000001
298,2019-08-19,East Midlands,3213.0,4150656.0,79.78999999999999
299,2019-08-19,London,813.0,1648878.0,71.85
300,2019-08-19,North East,847.0,1095075.0,80.835
301,2019-08-19,North West,1722.0,2057606.0,81.65
302,2019-08-19,South East,1076.0,1574373.0,66.62
303,2019-08-19,South West,2867.0,3269961.0,80.53500000000001
304,2019-08-19,West Midlands,595.0,988575.0,70.01500000000001
305,2019-08-19,Yorkshire and The Humber,2578.0,3399690.0,80.755
306,2019-08-26,East,3719.0,5566124.0,69.605
307,2019-08-26,East Midlands,2846.0,4151392.0,70.44
308,2019-08-26,London,743.0,1649908.0,67.385
309,2019-08-26,North East,722.0,1095214.0,69.145
310,2019-08-26,North West,1451.0,2057692.0,68.66499999999999
311,2019-08-26,South East,898.0,1574311.0,55.755
312,2019-08-26,South West,2596.0,3270789.0,72.955
313,2019-08-26,West Midlands,520.0,988416.0,61.105000000000004
314,2019-08-26,Yorkshire and The Humber,2352.0,3399558.0,73.95500000000001
315,2019-09-02,East,4255.0,5567841.0,79.385
316,2019-09-02,East Midlands,3375.0,4152798.0,83.49000000000001
317,2019-09-02,London,876.0,1651515.0,78.78
318,2019-09-02,North East,924.0,1095362.0,88.025
319,2019-09-02,North West,1599.0,2058060.0,76.045
320,2019-09-02,South East,1130.0,1574552.0,69.905
321,2019-09-02,South West,2888.0,3272274.0,80.965
322,2019-09-02,West Midlands,605.0,988430.0,71.30499999999999
323,2019-09-02,Yorkshire and The Humber,2724.0,3400569.0,85.38000000000001
324,2019-09-09,East,4241.0,5569760.0,79.41000000000001
325,2019-09-09,East Midlands,3192.0,4153985.0,79.06
326,2019-09-09,London,871.0,1653300.0,79.35999999999999
327,2019-09-09,North East,852.0,1096182.0,81.15499999999999
328,2019-09-09,North West,1731.0,2058419.0,82.05
329,2019-09-09,South East,1104.0,1574523.0,68.36
330,2019-09-09,South West,2834.0,3273499.0,79.80499999999999
331,2019-09-09,West Midlands,613.0,988593.0,72.82
332,2019-09-09,Yorkshire and The Humber,2668.0,3401308.0,83.45999999999998
333,2019-09-16,East,4319.0,5570857.0,80.71
334,2019-09-16,East Midlands,3289.0,4155654.0,81.33
335,2019-09-16,London,870.0,1655014.0,77.19
336,2019-09-16,North East,844.0,1096371.0,80.545
337,2019-09-16,North West,1588.0,2058765.0,75.215
338,2019-09-16,South East,1093.0,1575599.0,67.685
339,2019-09-16,South West,2876.0,3275408.0,80.58000000000001
340,2019-09-16,West Midlands,625.0,988551.0,73.34
341,2019-09-16,Yorkshire and The Humber,2560.0,3402488.0,80.48
342,2019-09-23,East,4213.0,5571147.0,78.78500000000001
343,2019-09-23,East Midlands,3380.0,4159524.0,83.57000000000001
344,2019-09-23,London,821.0,1656825.0,73.75999999999999
345,2019-09-23,North East,878.0,1097452.0,83.78999999999999
346,2019-09-23,North West,1612.0,2058976.0,76.33
347,2019-09-23,South East,1064.0,1576657.0,65.84000000000002
348,2019-09-23,South West,2879.0,3276302.0,80.63499999999999
349,2019-09-23,West Midlands,597.0,988691.0,70.65499999999999
350,2019-09-23,Yorkshire and The Humber,2590.0,3403050.0,81.245
351,2019-09-30,East,4465.0,5569743.0,83.44
352,2019-09-30,East Midlands,3209.0,4162264.0,79.31
353,2019-09-30,London,848.0,1658917.0,75.19
354,2019-09-30,North East,879.0,1098002.0,83.525
355,2019-09-30,North West,1701.0,2058332.0,80.61000000000001
356,2019-09-30,South East,1071.0,1577529.0,65.955
357,2019-09-30,South West,2908.0,3276296.0,81.735
358,2019-09-30,West Midlands,624.0,988892.0,74.0
359,2019-09-30,Yorkshire and The Humber,2632.0,3401974.0,82.46500000000002
360,2019-10-07,East,4469.0,5573387.0,83.27500000000002
361,2019-10-07,East Midlands,3315.0,4163877.0,81.95
362,2019-10-07,London,859.0,1661692.0,76.395
363,2019-10-07,North East,820.0,1098101.0,77.97500000000001
364,2019-10-07,North West,1653.0,2058681.0,78.075
365,2019-10-07,South East,1092.0,1578094.0,67.615
366,2019-10-07,South West,2915.0,3277902.0,81.84499999999998
367,2019-10-07,West Midlands,605.0,989169.0,71.28500000000001
368,2019-10-07,Yorkshire and The Humber,2600.0,3402367.0,81.565
369,2019-10-14,East,4557.0,5575642.0,85.15
370,2019-10-14,East Midlands,3324.0,4165547.0,82.16
371,2019-10-14,London,870.0,1664176.0,77.05000000000001
372,2019-10-14,North East,923.0,1098253.0,87.86
373,2019-10-14,North West,1696.0,2058881.0,80.26499999999999
374,2019-10-14,South East,1087.0,1578520.0,67.17000000000002
375,2019-10-14,South West,2992.0,3278753.0,83.66000000000001
376,2019-10-14,West Midlands,603.0,989516.0,70.505
377,2019-10-14,Yorkshire and The Humber,2631.0,3402722.0,82.46499999999999
378,2019-10-21,East,4430.0,5578094.0,82.63000000000001
379,2019-10-21,East Midlands,3225.0,4167318.0,79.67999999999999
380,2019-10-21,London,806.0,1666687.0,72.0
381,2019-10-21,North East,901.0,1098443.0,85.92
382,2019-10-21,North West,1666.0,2058903.0,78.905
383,2019-10-21,South East,1057.0,1579052.0,65.41
384,2019-10-21,South West,2770.0,3279646.0,77.56
385,2019-10-21,West Midlands,611.0,989717.0,71.75999999999999
386,2019-10-21,Yorkshire and The Humber,2671.0,3403187.0,83.60499999999999
387,2019-10-28,East,4440.0,5580668.0,82.77
388,2019-10-28,East Midlands,3228.0,4169340.0,79.84
389,2019-10-28,London,868.0,1669317.0,76.665
390,2019-10-28,North East,832.0,1098547.0,79.15
391,2019-10-28,North West,1544.0,2059166.0,73.22500000000001
392,2019-10-28,South East,1090.0,1579453.0,67.015
393,2019-10-28,South West,2788.0,3280611.0,78.38
394,2019-10-28,West Midlands,525.0,989720.0,62.13000000000001
395,2019-10-28,Yorkshire and The Humber,2598.0,3403779.0,81.45000000000002
396,2019-11-04,East,4460.0,5583029.0,83.07000000000001
397,2019-11-04,East Midlands,3341.0,4171637.0,82.46000000000001
398,2019-11-04,London,877.0,1671548.0,78.41499999999999
399,2019-11-04,North East,920.0,1098632.0,87.21000000000001
400,2019-11-04,North West,1703.0,2059078.0,80.635
401,2019-11-04,South East,1114.0,1579652.0,68.86500000000001
402,2019-11-04,South West,3082.0,3281513.0,86.42000000000002
403,2019-11-04,West Midlands,642.0,989651.0,75.55
404,2019-11-04,Yorkshire and The Humber,2750.0,3404474.0,85.92500000000001
405,2019-11-11,East,4492.0,5585545.0,83.465
406,2019-11-11,East Midlands,3333.0,4173196.0,82.25000000000001
407,2019-11-11,London,865.0,1674099.0,76.8
408,2019-11-11,North East,810.0,1098699.0,77.14500000000001
409,2019-11-11,North West,1690.0,2059223.0,80.12
410,2019-11-11,South East,1149.0,1580126.0,70.81
411,2019-11-11,South West,2943.0,3282209.0,82.195
412,2019-11-11,West Midlands,565.0,990011.0,66.225
413,2019-11-11,Yorkshire and The Humber,2611.0,3405024.0,81.58999999999999
414,2019-11-18,East,4508.0,5587356.0,83.81000000000002
415,2019-11-18,East Midlands,3330.0,4175183.0,81.89999999999999
416,2019-11-18,London,842.0,1675844.0,74.89000000000001
417,2019-11-18,North East,894.0,1098810.0,85.17500000000001
418,2019-11-18,North West,1605.0,2059405.0,75.58000000000001
419,2019-11-18,South East,1144.0,1580493.0,70.535
420,2019-11-18,South West,3048.0,3282984.0,85.25
421,2019-11-18,West Midlands,572.0,989604.0,67.61
422,2019-11-18,Yorkshire and The Humber,2667.0,3405682.0,83.58000000000001
423,2019-11-25,East,4517.0,5588322.0,84.07499999999999
424,2019-11-25,East Midlands,3342.0,4176741.0,82.19
425,2019-11-25,London,880.0,1676426.0,78.26
426,2019-11-25,North East,895.0,1098982.0,85.11000000000001
427,2019-11-25,North West,1613.0,2059588.0,76.285
428,2019-11-25,South East,1106.0,1580652.0,68.50500000000001
429,2019-11-25,South West,2895.0,3283970.0,81.125
430,2019-11-25,West Midlands,593.0,989709.0,69.96000000000001
431,2019-11-25,Yorkshire and The Humber,2646.0,3406296.0,82.63500000000002
432,2019-12-02,East,4535.0,5589895.0,84.225
433,2019-12-02,East Midlands,3363.0,4178645.0,82.84
434,2019-12-02,London,894.0,1677680.0,79.88499999999999
435,2019-12-02,North East,906.0,1098988.0,85.90499999999997
436,2019-12-02,North West,1702.0,2059615.0,80.66
437,2019-12-02,South East,1148.0,1580837.0,70.65500000000002
438,2019-12-02,South West,3035.0,3285938.0,84.92000000000002
439,2019-12-02,West Midlands,590.0,989803.0,69.795
440,2019-12-02,Yorkshire and The Humber,2729.0,3406760.0,85.325
441,2019-12-09,East,4486.0,5591083.0,83.49
442,2019-12-09,East Midlands,3309.0,4179441.0,81.39999999999999
443,2019-12-09,London,834.0,1679150.0,74.355
444,2019-12-09,North East,927.0,1099116.0,87.43
445,2019-12-09,North West,1743.0,2059692.0,82.39500000000001
446,2019-12-09,South East,1187.0,1580982.0,73.015
447,2019-12-09,South West,2961.0,3287174.0,83.15500000000002
448,2019-12-09,West Midlands,593.0,989867.0,70.295
449,2019-12-09,Yorkshire and The Humber,2621.0,3406975.0,81.885
450,2019-12-16,East,4488.0,5592374.0,83.375
451,2019-12-16,East Midlands,3343.0,4179927.0,82.04500000000002
452,2019-12-16,London,908.0,1679933.0,80.00999999999999
453,2019-12-16,North East,914.0,1099203.0,86.865
454,2019-12-16,North West,1694.0,2059806.0,80.155
455,2019-12-16,South East,1172.0,1581048.0,72.29
456,2019-12-16,South West,2894.0,3288211.0,81.08
457,2019-12-16,West Midlands,580.0,989921.0,68.42999999999999
458,2019-12-16,Yorkshire and The Humber,2632.0,3407177.0,82.00500000000001
459,2019-12-23,East,2588.0,5593679.0,48.27
460,2019-12-23,East Midlands,1992.0,4180272.0,48.935
461,2019-12-23,London,488.0,1680479.0,43.785000000000004
462,2019-12-23,North East,459.0,1099182.0,43.63000000000001
463,2019-12-23,North West,986.0,2059731.0,46.56
464,2019-12-23,South East,651.0,1581129.0,40.175000000000004
465,2019-12-23,South West,1732.0,3288787.0,48.49500000000001
466,2019-12-23,West Midlands,319.0,989816.0,37.73500000000001
467,2019-12-23,Yorkshire and The Humber,1550.0,3407423.0,48.51
468,2019-12-30,East,3695.0,5594369.0,68.905
469,2019-12-30,East Midlands,2750.0,4180582.0,67.7
470,2019-12-30,London,687.0,1680794.0,62.51499999999999
471,2019-12-30,North East,702.0,1099218.0,66.55000000000001
472,2019-12-30,North West,1391.0,2059749.0,65.63
473,2019-12-30,South East,895.0,1581008.0,55.14999999999999
474,2019-12-30,South West,2385.0,3289283.0,66.855
475,2019-12-30,West Midlands,486.0,989884.0,57.5
476,2019-12-30,Yorkshire and The Humber,2302.0,3407475.0,72.13499999999999
477,2020-01-06,East,4824.0,5595086.0,89.57
478,2020-01-06,East Midlands,3443.0,4180708.0,84.59
479,2020-01-06,London,934.0,1681451.0,82.85
480,2020-01-06,North East,934.0,1099143.0,88.555
481,2020-01-06,North West,1772.0,2059671.0,83.80500000000002
482,2020-01-06,South East,1241.0,1581010.0,76.43500000000002
483,2020-01-06,South West,3167.0,3289577.0,88.61
484,2020-01-06,West Midlands,620.0,989969.0,73.26
485,2020-01-06,Yorkshire and The Humber,2813.0,3407606.0,87.85
486,2020-01-13,East,4517.0,5596581.0,83.875
487,2020-01-13,East Midlands,3281.0,4181423.0,80.64999999999999
488,2020-01-13,London,859.0,1683007.0,75.19000000000001
489,2020-01-13,North East,880.0,1099306.0,83.665
490,2020-01-13,North West,1688.0,2059912.0,79.71000000000001
491,2020-01-13,South East,1116.0,1581076.0,68.68999999999998
492,2020-01-13,South West,2957.0,3290609.0,82.44499999999998
493,2020-01-13,West Midlands,609.0,990202.0,71.55999999999999
494,2020-01-13,Yorkshire and The Humber,2631.0,3408053.0,82.03
495,2020-01-20,East,4509.0,5598747.0,83.875
496,2020-01-20,East Midlands,3269.0,4182324.0,80.295
497,2020-01-20,London,884.0,1684172.0,76.71000000000001
498,2020-01-20,North East,894.0,1099460.0,84.955
499,2020-01-20,North West,1621.0,2060149.0,76.69000000000001
500,2020-01-20,South East,1116.0,1581231.0,68.48500000000001
501,2020-01-20,South West,2943.0,3291360.0,82.30499999999999
502,2020-01-20,West Midlands,545.0,990379.0,64.59
503,2020-01-20,Yorkshire and The Humber,2623.0,3408544.0,81.89
504,2020-01-27,East,4519.0,5600653.0,83.80000000000001
505,2020-01-27,East Midlands,3369.0,4183642.0,83.015
506,2020-01-27,London,885.0,1685748.0,78.075
507,2020-01-27,North East,905.0,1099697.0,85.775
508,2020-01-27,North West,1664.0,2060370.0,78.82
509,2020-01-27,South East,1101.0,1581659.0,68.02
510,2020-01-27,South West,2950.0,3292490.0,82.45
511,2020-01-27,West Midlands,579.0,990543.0,68.24499999999999
512,2020-01-27,Yorkshire and The Humber,2694.0,3408977.0,83.94
513,2020-02-03,East,4473.0,5602406.0,82.755
514,2020-02-03,East Midlands,3381.0,4184937.0,83.01500000000003
515,2020-02-03,London,897.0,1687670.0,80.57000000000001
516,2020-02-03,North East,837.0,1099872.0,79.015
517,2020-02-03,North West,1699.0,2060602.0,80.05000000000001
518,2020-02-03,South East,1203.0,1581979.0,74.08
519,2020-02-03,South West,2767.0,3292949.0,76.905
520,2020-02-03,West Midlands,557.0,990687.0,65.35499999999999
521,2020-02-03,Yorkshire and The Humber,2658.0,3409649.0,82.82000000000001
522,2020-02-10,East,4485.0,5603925.0,83.25500000000001
523,2020-02-10,East Midlands,3327.0,4185621.0,81.86999999999999
524,2020-02-10,London,856.0,1688601.0,75.1
525,2020-02-10,North East,858.0,1099898.0,81.24999999999999
526,2020-02-10,North West,1734.0,2060847.0,81.64
527,2020-02-10,South East,1117.0,1582275.0,68.66999999999999
528,2020-02-10,South West,2799.0,3293715.0,77.77000000000001
529,2020-02-10,West Midlands,571.0,991089.0,67.19
530,2020-02-10,Yorkshire and The Humber,2718.0,3409953.0,84.57000000000002
531,2020-02-17,East,4402.0,5605462.0,81.475
532,2020-02-17,East Midlands,3232.0,4186221.0,79.275
533,2020-02-17,London,880.0,1689678.0,76.80499999999999
534,2020-02-17,North East,886.0,1099974.0,84.23
535,2020-02-17,North West,1624.0,2061069.0,76.68499999999999
536,2020-02-17,South East,1115.0,1582565.0,68.715
537,2020-02-17,South West,2581.0,3294431.0,72.265
538,2020-02-17,West Midlands,547.0,991360.0,64.655
539,2020-02-17,Yorkshire and The Humber,2619.0,3410373.0,81.57
540,2020-02-24,East,4327.0,5607030.0,80.17499999999998
541,2020-02-24,East Midlands,3383.0,4186470.0,83.245
542,2020-02-24,London,847.0,1690833.0,75.02000000000001
543,2020-02-24,North East,903.0,1100087.0,85.71
544,2020-02-24,North West,1682.0,2061220.0,79.47500000000001
545,2020-02-24,South East,1137.0,1582642.0,69.97999999999999
546,2020-02-24,South West,2747.0,3295206.0,76.39500000000001
547,2020-02-24,West Midlands,588.0,991417.0,68.995
548,2020-02-24,Yorkshire and The Humber,2640.0,3410587.0,82.04500000000002
549,2020-03-02,East,4541.0,5610528.0,83.89
550,2020-03-02,East Midlands,3305.0,4186688.0,81.13
551,2020-03-02,London,829.0,1691737.0,74.05
552,2020-03-02,North East,900.0,1100092.0,84.895
553,2020-03-02,North West,1782.0,2061452.0,84.12500000000001
554,2020-03-02,South East,1126.0,1582950.0,68.72
555,2020-03-02,South West,2866.0,3295754.0,80.00500000000001
556,2020-03-02,West Midlands,589.0,991390.0,69.145
557,2020-03-02,Yorkshire and The Humber,2721.0,3410858.0,84.395
558,2020-03-09,East,4445.0,5614138.0,82.36999999999999
559,2020-03-09,East Midlands,3347.0,4187011.0,81.79500000000002
560,2020-03-09,London,798.0,1692952.0,69.7
561,2020-03-09,North East,930.0,1100290.0,88.33000000000001
562,2020-03-09,North West,1750.0,2061659.0,82.59
563,2020-03-09,South East,1115.0,1583161.0,68.17
564,2020-03-09,South West,2767.0,3296304.0,77.04499999999999
565,2020-03-09,West Midlands,589.0,991526.0,69.53999999999999
566,2020-03-09,Yorkshire and The Humber,2625.0,3411502.0,81.735
567,2020-03-16,East,3721.0,5615684.0,68.80499999999999
568,2020-03-16,East Midlands,2956.0,4187145.0,72.495
569,2020-03-16,London,626.0,1693743.0,55.65
570,2020-03-16,North East,783.0,1100288.0,74.27000000000001
571,2020-03-16,North West,1532.0,2061645.0,72.11500000000001
572,2020-03-16,South East,972.0,1583474.0,60.175
573,2020-03-16,South West,2394.0,3296774.0,66.82000000000001
574,2020-03-16,West Midlands,474.0,991419.0,55.42
575,2020-03-16,Yorkshire and The Humber,2363.0,3411776.0,73.595
576,2020-03-23,East,2813.0,5617342.0,52.01499999999999
577,2020-03-23,East Midlands,2373.0,4187511.0,58.255
578,2020-03-23,London,438.0,1694137.0,38.435
579,2020-03-23,North East,519.0,1100166.0,49.255
580,2020-03-23,North West,1127.0,2061609.0,53.19
581,2020-03-23,South East,693.0,1583401.0,42.93
582,2020-03-23,South West,1833.0,3297386.0,51.339999999999996
583,2020-03-23,West Midlands,366.0,991313.0,42.794999999999995
584,2020-03-23,Yorkshire and The Humber,1887.0,3411913.0,58.790000000000006
585,2020-03-30,East,2591.0,5618142.0,48.025
586,2020-03-30,East Midlands,1976.0,4187594.0,48.515
587,2020-03-30,London,402.0,1693991.0,34.025000000000006
588,2020-03-30,North East,461.0,1100126.0,43.445
589,2020-03-30,North West,1038.0,2061651.0,48.865
590,2020-03-30,South East,606.0,1583609.0,37.38
591,2020-03-30,South West,1562.0,3297761.0,43.80499999999999
592,2020-03-30,West Midlands,307.0,991047.0,35.745
593,2020-03-30,Yorkshire and The Humber,1663.0,3411947.0,51.655
594,2020-04-06,East,2081.0,5620417.0,38.57
595,2020-04-06,East Midlands,1691.0,4187190.0,41.38
596,2020-04-06,London,356.0,1693705.0,29.610000000000003
597,2020-04-06,North East,383.0,1100102.0,36.11500000000001
598,2020-04-06,North West,895.0,2061445.0,42.12
599,2020-04-06,South East,499.0,1583529.0,30.885
600,2020-04-06,South West,1312.0,3297727.0,36.775
601,2020-04-06,West Midlands,288.0,991293.0,33.239999999999995
602,2020-04-06,Yorkshire and The Humber,1459.0,3411783.0,44.995
603,2020-04-13,East,2186.0,5619341.0,40.41
604,2020-04-13,East Midlands,1682.0,4186546.0,41.17
605,2020-04-13,London,340.0,1693608.0,29.455000000000002
606,2020-04-13,North East,370.0,1099819.0,34.93
607,2020-04-13,North West,900.0,2060970.0,42.375
608,2020-04-13,South East,511.0,1583245.0,31.525000000000002
609,2020-04-13,South West,1330.0,3297435.0,37.455000000000005
610,2020-04-13,West Midlands,293.0,990920.0,34.294999999999995
611,2020-04-13,Yorkshire and The Humber,1476.0,3411335.0,45.85
612,2020-04-20,East,2490.0,5618025.0,46.04
613,2020-04-20,East Midlands,1950.0,4185490.0,47.745000000000005
614,2020-04-20,London,377.0,1693367.0,30.765
615,2020-04-20,North East,455.0,1099631.0,43.365
616,2020-04-20,North West,915.0,2060461.0,43.075
617,2020-04-20,South East,527.0,1582989.0,32.455
618,2020-04-20,South West,1533.0,3297047.0,43.27499999999999
619,2020-04-20,West Midlands,293.0,990372.0,34.085
620,2020-04-20,Yorkshire and The Humber,1558.0,3410811.0,48.43
621,2020-04-27,East,2416.0,5618254.0,44.75500000000001
622,2020-04-27,East Midlands,1916.0,4184760.0,47.00500000000001
623,2020-04-27,London,397.0,1693241.0,33.325
624,2020-04-27,North East,407.0,1099340.0,38.455000000000005
625,2020-04-27,North West,932.0,2059991.0,44.085
626,2020-04-27,South East,570.0,1582680.0,35.145
627,2020-04-27,South West,1579.0,3296502.0,44.285000000000004
628,2020-04-27,West Midlands,306.0,990034.0,35.78
629,2020-04-27,Yorkshire and The Humber,1547.0,3410155.0,47.88
630,2020-05-04,East,2246.0,5618097.0,41.485
631,2020-05-04,East Midlands,1859.0,4184325.0,45.605000000000004
632,2020-05-04,London,385.0,1693126.0,33.190000000000005
633,2020-05-04,North East,430.0,1099197.0,40.81999999999999
634,2020-05-04,North West,953.0,2059708.0,45.004999999999995
635,2020-05-04,South East,574.0,1582452.0,35.435
636,2020-05-04,South West,1586.0,3296370.0,44.17
637,2020-05-04,West Midlands,320.0,989871.0,37.555
638,2020-05-04,Yorkshire and The Humber,1467.0,3409633.0,45.334999999999994
639,2020-05-11,East,2682.0,5617791.0,49.559999999999995
640,2020-05-11,East Midlands,2215.0,4183978.0,54.42000000000001
641,2020-05-11,London,452.0,1693141.0,38.739999999999995
642,2020-05-11,North East,487.0,1098982.0,46.42
643,2020-05-11,North West,1049.0,2059561.0,49.415
644,2020-05-11,South East,667.0,1582228.0,41.0
645,2020-05-11,South West,1763.0,3296175.0,49.295
646,2020-05-11,West Midlands,314.0,989714.0,36.505
647,2020-05-11,Yorkshire and The Humber,1644.0,3409318.0,50.79500000000001
648,2020-05-18,East,2614.0,5618299.0,48.28999999999999
649,2020-05-18,East Midlands,2172.0,4183877.0,53.19
650,2020-05-18,London,485.0,1693334.0,41.80500000000001
651,2020-05-18,North East,485.0,1098926.0,46.035000000000004
652,2020-05-18,North West,1069.0,2059430.0,50.68000000000001
653,2020-05-18,South East,639.0,1581978.0,39.31
654,2020-05-18,South West,1858.0,3296209.0,52.07
655,2020-05-18,West Midlands,313.0,989669.0,36.705000000000005
656,2020-05-18,Yorkshire and The Humber,1673.0,3409388.0,51.98
657,2020-05-25,East,2521.0,5618381.0,46.709999999999994
658,2020-05-25,East Midlands,1974.0,4183463.0,48.41499999999999
659,2020-05-25,London,444.0,1693382.0,37.629999999999995
660,2020-05-25,North East,434.0,1098804.0,41.114999999999995
661,2020-05-25,North West,980.0,2059348.0,46.27000000000001
662,2020-05-25,South East,629.0,1581819.0,38.835
663,2020-05-25,South West,1621.0,3296164.0,45.14
664,2020-05-25,West Midlands,326.0,989523.0,37.964999999999996
665,2020-05-25,Yorkshire and The Humber,1548.0,3409083.0,47.98
666,2020-06-01,East,2950.0,5619031.0,54.50500000000001
667,2020-06-01,East Midlands,2295.0,4183444.0,56.155
668,2020-06-01,London,515.0,1693811.0,43.650000000000006
669,2020-06-01,North East,522.0,1098761.0,49.345
670,2020-06-01,North West,1187.0,2059394.0,55.9
671,2020-06-01,South East,749.0,1581853.0,45.975
672,2020-06-01,South West,1988.0,3296440.0,55.14
673,2020-06-01,West Midlands,346.0,989478.0,39.949999999999996
674,2020-06-01,Yorkshire and The Humber,1806.0,3409030.0,55.955
675,2020-06-08,East,2975.0,5619656.0,54.91000000000001
676,2020-06-08,East Midlands,2230.0,4183065.0,54.625
677,2020-06-08,London,526.0,1693879.0,44.595
678,2020-06-08,North East,554.0,1098752.0,52.485
679,2020-06-08,North West,1170.0,2059516.0,55.19000000000001
680,2020-06-08,South East,731.0,1581810.0,44.56499999999999
681,2020-06-08,South West,2026.0,3296683.0,56.615
682,2020-06-08,West Midlands,350.0,989459.0,41.06999999999999
683,2020-06-08,Yorkshire and The Humber,1768.0,3408957.0,54.824999999999996
684,2020-06-15,East,3030.0,5620376.0,55.915000000000006
685,2020-06-15,East Midlands,2323.0,4182846.0,56.875
686,2020-06-15,London,546.0,1694200.0,46.99000000000001
687,2020-06-15,North East,551.0,1098614.0,52.11000000000001
688,2020-06-15,North West,1196.0,2059664.0,56.415
689,2020-06-15,South East,706.0,1581628.0,43.315
690,2020-06-15,South West,2020.0,3296891.0,56.04
691,2020-06-15,West Midlands,394.0,989446.0,46.15
692,2020-06-15,Yorkshire and The Humber,1759.0,3409159.0,54.705
693,2020-06-22,East,3158.0,5621195.0,58.410000000000004
694,2020-06-22,East Midlands,2456.0,4182320.0,60.065
695,2020-06-22,London,601.0,1694493.0,51.135000000000005
696,2020-06-22,North East,567.0,1098626.0,53.730000000000004
697,2020-06-22,North West,1244.0,2059752.0,58.74
698,2020-06-22,South East,843.0,1581652.0,51.550000000000004
699,2020-06-22,South West,2099.0,3297094.0,58.510000000000005
700,2020-06-22,West Midlands,386.0,989324.0,45.425000000000004
701,2020-06-22,Yorkshire and The Humber,1904.0,3409173.0,58.905
702,2020-06-29,East,3183.0,5622109.0,58.79
703,2020-06-29,East Midlands,2424.0,4181235.0,59.365
704,2020-06-29,London,611.0,1694744.0,51.824999999999996
705,2020-06-29,North East,588.0,1098659.0,55.555
706,2020-06-29,North West,1279.0,2059942.0,60.58500000000001
707,2020-06-29,South East,818.0,1581705.0,50.235
708,2020-06-29,South West,2185.0,3297414.0,60.71
709,2020-06-29,West Midlands,391.0,989212.0,45.415
710,2020-06-29,Yorkshire and The Humber,1926.0,3409358.0,59.71000000000001
711,2020-07-06,East,3152.0,5623367.0,58.23
712,2020-07-06,East Midlands,2391.0,4181387.0,58.55
713,2020-07-06,London,573.0,1695037.0,49.105000000000004
714,2020-07-06,North East,605.0,1098613.0,57.085
715,2020-07-06,North West,1281.0,2060085.0,60.305
716,2020-07-06,South East,809.0,1581989.0,49.47
717,2020-07-06,South West,2143.0,3297892.0,59.3
718,2020-07-06,West Midlands,395.0,989306.0,46.51499999999999
719,2020-07-06,Yorkshire and The Humber,1882.0,3409516.0,58.195
720,2020-07-13,East,3318.0,5624049.0,61.31
721,2020-07-13,East Midlands,2537.0,4181174.0,61.885000000000005
722,2020-07-13,London,598.0,1695442.0,51.54
723,2020-07-13,North East,608.0,1098701.0,57.625
724,2020-07-13,North West,1248.0,2060236.0,58.73000000000001
725,2020-07-13,South East,890.0,1581672.0,54.525
726,2020-07-13,South West,2283.0,3298051.0,63.27
727,2020-07-13,West Midlands,425.0,989170.0,49.18
728,2020-07-13,Yorkshire and The Humber,2016.0,3409890.0,62.735
729,2020-07-20,East,3298.0,5624723.0,60.945
730,2020-07-20,East Midlands,2485.0,4181256.0,60.96999999999999
731,2020-07-20,London,635.0,1695583.0,54.790000000000006
732,2020-07-20,North East,633.0,1098726.0,59.465
733,2020-07-20,North West,1233.0,2062514.0,58.17
734,2020-07-20,South East,848.0,1581784.0,51.970000000000006
735,2020-07-20,South West,2148.0,3297933.0,59.655
736,2020-07-20,West Midlands,412.0,989115.0,48.395
737,2020-07-20,Yorkshire and The Humber,1969.0,3410216.0,61.044999999999995
738,2020-07-27,East,3341.0,5625768.0,61.545
739,2020-07-27,East Midlands,2489.0,4181110.0,61.09
740,2020-07-27,London,614.0,1695892.0,52.865
741,2020-07-27,North East,649.0,1098788.0,61.525
742,2020-07-27,North West,1268.0,2062853.0,59.83
743,2020-07-27,South East,826.0,1581826.0,50.615
744,2020-07-27,South West,2136.0,3298124.0,59.555
745,2020-07-27,West Midlands,431.0,988955.0,50.21
746,2020-07-27,Yorkshire and The Humber,2024.0,3410489.0,62.915
747,2020-08-03,East,3335.0,5626399.0,61.405
748,2020-08-03,East Midlands,2660.0,4181405.0,65.035
749,2020-08-03,London,641.0,1695769.0,55.915
750,2020-08-03,North East,665.0,1098827.0,63.115
751,2020-08-03,North West,1293.0,2063072.0,60.505
752,2020-08-03,South East,879.0,1581864.0,53.745000000000005
753,2020-08-03,South West,2188.0,3298415.0,60.660000000000004
754,2020-08-03,West Midlands,434.0,988779.0,50.43
755,2020-08-03,Yorkshire and The Humber,1996.0,3410572.0,61.945
756,2020-08-10,East,3314.0,5627084.0,61.11
757,2020-08-10,East Midlands,2637.0,4181459.0,64.575
758,2020-08-10,London,616.0,1696275.0,53.365
759,2020-08-10,North East,631.0,1098846.0,59.53000000000001
760,2020-08-10,North West,1297.0,2063451.0,60.815
761,2020-08-10,South East,850.0,1581988.0,52.084999999999994
762,2020-08-10,South West,2231.0,3298852.0,62.01500000000001
763,2020-08-10,West Midlands,438.0,988771.0,51.23500000000001
764,2020-08-10,Yorkshire and The Humber,2001.0,3411041.0,62.185
765,2020-08-17,East,3370.0,5627258.0,62.16
766,2020-08-17,East Midlands,2668.0,4181551.0,65.155
767,2020-08-17,London,645.0,1696575.0,56.06499999999999
768,2020-08-17,North East,669.0,1098997.0,63.12500000000001
769,2020-08-17,North West,1308.0,2063763.0,61.589999999999996
770,2020-08-17,South East,901.0,1581751.0,55.03000000000001
771,2020-08-17,South West,2389.0,3299101.0,66.215
772,2020-08-17,West Midlands,417.0,988599.0,48.48499999999999
773,2020-08-17,Yorkshire and The Humber,2115.0,3411427.0,65.66
774,2020-08-24,East,3421.0,5627748.0,62.98499999999999
775,2020-08-24,East Midlands,2696.0,4181558.0,65.94999999999999
776,2020-08-24,London,656.0,1695824.0,57.795
777,2020-08-24,North East,695.0,1099010.0,65.77499999999999
778,2020-08-24,North West,1302.0,2063919.0,60.985
779,2020-08-24,South East,915.0,1581419.0,55.925
780,2020-08-24,South West,2332.0,3299184.0,64.415
781,2020-08-24,West Midlands,472.0,988491.0,55.6
782,2020-08-24,Yorkshire and The Humber,2122.0,3411581.0,65.795
783,2020-08-31,East,3269.0,5629360.0,60.13
784,2020-08-31,East Midlands,2493.0,4181225.0,61.150000000000006
785,2020-08-31,London,600.0,1694834.0,53.01
786,2020-08-31,North East,570.0,1099056.0,53.865
787,2020-08-31,North West,1306.0,2063975.0,61.34500000000001
788,2020-08-31,South East,770.0,1581060.0,47.18
789,2020-08-31,South West,2083.0,3299277.0,57.79
790,2020-08-31,West Midlands,415.0,988385.0,49.08000000000001
791,2020-08-31,Yorkshire and The Humber,1934.0,3411694.0,59.965
792,2020-09-07,East,3552.0,5631194.0,65.35000000000001
793,2020-09-07,East Midlands,2869.0,4182207.0,70.045
794,2020-09-07,London,663.0,1695103.0,56.894999999999996
795,2020-09-07,North East,699.0,1099286.0,66.0
796,2020-09-07,North West,1394.0,2064438.0,65.33000000000001
797,2020-09-07,South East,944.0,1581228.0,57.57000000000001
798,2020-09-07,South West,2423.0,3300392.0,67.21500000000002
799,2020-09-07,West Midlands,462.0,988353.0,54.160000000000004
800,2020-09-07,Yorkshire and The Humber,2183.0,3412207.0,67.70500000000001
801,2020-09-14,East,3563.0,5631561.0,65.61999999999999
802,2020-09-14,East Midlands,2882.0,4182740.0,70.33
803,2020-09-14,London,692.0,1693614.0,59.015000000000015
804,2020-09-14,North East,705.0,1099309.0,66.78000000000002
805,2020-09-14,North West,1369.0,2064614.0,64.075
806,2020-09-14,South East,923.0,1581017.0,56.43
807,2020-09-14,South West,2353.0,3301121.0,65.10499999999999
808,2020-09-14,West Midlands,451.0,988096.0,53.099999999999994
809,2020-09-14,Yorkshire and The Humber,2173.0,3412367.0,67.24999999999999
810,2020-09-21,East,3680.0,5631956.0,67.83
811,2020-09-21,East Midlands,2814.0,4183859.0,68.62
812,2020-09-21,London,681.0,1695110.0,58.21
813,2020-09-21,North East,699.0,1099384.0,66.145
814,2020-09-21,North West,1412.0,2064707.0,66.45
815,2020-09-21,South East,929.0,1581266.0,56.715
816,2020-09-21,South West,2425.0,3301900.0,67.105
817,2020-09-21,West Midlands,445.0,988218.0,52.33
818,2020-09-21,Yorkshire and The Humber,2205.0,3412648.0,68.465
819,2020-09-28,East,3699.0,5631893.0,67.77499999999999
820,2020-09-28,East Midlands,2945.0,4184641.0,72.02
821,2020-09-28,London,658.0,1696589.0,57.26499999999999
822,2020-09-28,North East,742.0,1100141.0,69.99000000000001
823,2020-09-28,North West,1386.0,2064528.0,65.2
824,2020-09-28,South East,958.0,1580989.0,58.235
825,2020-09-28,South West,2453.0,3302153.0,67.88999999999999
826,2020-09-28,West Midlands,443.0,988063.0,52.349999999999994
827,2020-09-28,Yorkshire and The Humber,2183.0,3412289.0,67.56
828,2020-10-05,East,3779.0,5633016.0,69.43
829,2020-10-05,East Midlands,2877.0,4188810.0,70.16
830,2020-10-05,London,747.0,1698502.0,63.885
831,2020-10-05,North East,637.0,1100257.0,60.209999999999994
832,2020-10-05,North West,1406.0,2064801.0,65.93500000000002
833,2020-10-05,South East,993.0,1581343.0,60.669999999999995
834,2020-10-05,South West,2583.0,3302589.0,71.10999999999999
835,2020-10-05,West Midlands,459.0,988107.0,53.915000000000006
836,2020-10-05,Yorkshire and The Humber,2207.0,3412405.0,68.36
837,2020-10-12,East,3864.0,5634132.0,70.98
838,2020-10-12,East Midlands,3017.0,4189171.0,73.575
839,2020-10-12,London,746.0,1699663.0,62.845
840,2020-10-12,North East,715.0,1100383.0,67.58
841,2020-10-12,North West,1449.0,2065387.0,67.86500000000001
842,2020-10-12,South East,986.0,1581868.0,60.065
843,2020-10-12,South West,2415.0,3303043.0,66.62
844,2020-10-12,West Midlands,422.0,988087.0,49.595000000000006
845,2020-10-12,Yorkshire and The Humber,2327.0,3412645.0,72.19
846,2020-10-19,East,3781.0,5635654.0,69.43999999999998
847,2020-10-19,East Midlands,2958.0,4189925.0,72.17
848,2020-10-19,London,725.0,1700662.0,62.18500000000001
849,2020-10-19,North East,735.0,1100343.0,69.36500000000001
850,2020-10-19,North West,1393.0,2067107.0,65.375
851,2020-10-19,South East,982.0,1582119.0,60.05999999999999
852,2020-10-19,South West,2495.0,3303537.0,68.47000000000001
853,2020-10-19,West Midlands,454.0,988127.0,53.25000000000001
854,2020-10-19,Yorkshire and The Humber,2256.0,3412867.0,69.96000000000002
855,2020-10-26,East,3769.0,5637518.0,69.32000000000002
856,2020-10-26,East Midlands,2873.0,4190466.0,70.13000000000001
857,2020-10-26,London,717.0,1701857.0,62.12499999999999
858,2020-10-26,North East,693.0,1100408.0,65.47500000000001
859,2020-10-26,North West,1334.0,2067176.0,62.515
860,2020-10-26,South East,980.0,1582490.0,60.045
861,2020-10-26,South West,2451.0,3304204.0,67.745
862,2020-10-26,West Midlands,359.0,988222.0,42.49999999999999
863,2020-10-26,Yorkshire and The Humber,2155.0,3412987.0,66.7
864,2020-11-02,East,3871.0,5638509.0,71.005
865,2020-11-02,East Midlands,2952.0,4191394.0,71.8
866,2020-11-02,London,763.0,1702909.0,65.095
867,2020-11-02,North East,754.0,1100456.0,71.115
868,2020-11-02,North West,1396.0,2067245.0,65.145
869,2020-11-02,South East,1016.0,1582701.0,61.86000000000001
870,2020-11-02,South West,2485.0,3304603.0,68.52999999999999
871,2020-11-02,West Midlands,368.0,988342.0,42.92
872,2020-11-02,Yorkshire and The Humber,2286.0,3413469.0,70.73499999999999
873,2020-11-09,East,3794.0,5639852.0,69.665
874,2020-11-09,East Midlands,3004.0,4192199.0,73.205
875,2020-11-09,London,803.0,1703694.0,68.66
876,2020-11-09,North East,769.0,1100546.0,72.895
877,2020-11-09,North West,1428.0,2067347.0,66.725
878,2020-11-09,South East,1013.0,1582609.0,61.885
879,2020-11-09,South West,2588.0,3305219.0,71.285
880,2020-11-09,West Midlands,351.0,988522.0,40.82
881,2020-11-09,Yorkshire and The Humber,2237.0,3413914.0,69.225
882,2020-11-16,East,3829.0,5640996.0,70.16
883,2020-11-16,East Midlands,2881.0,4192819.0,70.12500000000001
884,2020-11-16,London,742.0,1704547.0,64.245
885,2020-11-16,North East,713.0,1100532.0,66.885
886,2020-11-16,North West,1438.0,2067467.0,67.15
887,2020-11-16,South East,987.0,1582975.0,60.540000000000006
888,2020-11-16,South West,2537.0,3305983.0,69.815
889,2020-11-16,West Midlands,381.0,988594.0,44.81999999999999
890,2020-11-16,Yorkshire and The Humber,2189.0,3413987.0,67.7
891,2020-11-23,East,3777.0,5642277.0,69.44500000000001
892,2020-11-23,East Midlands,2934.0,4193289.0,71.515
893,2020-11-23,London,774.0,1705246.0,66.555
894,2020-11-23,North East,711.0,1100535.0,67.19000000000001
895,2020-11-23,North West,1449.0,2067286.0,67.815
896,2020-11-23,South East,1041.0,1583039.0,63.735000000000014
897,2020-11-23,South West,2576.0,3306740.0,70.91000000000001
898,2020-11-23,West Midlands,327.0,988509.0,38.410000000000004
899,2020-11-23,Yorkshire and The Humber,2235.0,3414161.0,69.155
900,2020-11-30,East,3793.0,5643533.0,69.61
901,2020-11-30,East Midlands,3020.0,4193511.0,73.595
902,2020-11-30,London,758.0,1705500.0,65.325
903,2020-11-30,North East,785.0,1100535.0,73.995
904,2020-11-30,North West,1400.0,2067296.0,65.60000000000001
905,2020-11-30,South East,1029.0,1583349.0,62.61500000000001
906,2020-11-30,South West,2599.0,3307391.0,71.58500000000001
907,2020-11-30,West Midlands,422.0,988343.0,49.485
908,2020-11-30,Yorkshire and The Humber,2298.0,3414221.0,71.18500000000002
909,2020-12-07,East,3868.0,5643749.0,71.055
910,2020-12-07,East Midlands,2985.0,4194102.0,72.545
911,2020-12-07,London,779.0,1706034.0,67.29
912,2020-12-07,North East,739.0,1100583.0,69.81500000000001
913,2020-12-07,North West,1484.0,2067561.0,69.43
914,2020-12-07,South East,1092.0,1583642.0,66.80000000000001
915,2020-12-07,South West,2675.0,3307876.0,73.41
916,2020-12-07,West Midlands,440.0,988370.0,52.12
917,2020-12-07,Yorkshire and The Humber,2316.0,3414516.0,71.825
918,2020-12-14,East,3802.0,5644527.0,69.63499999999999
919,2020-12-14,East Midlands,3055.0,4194741.0,74.27
920,2020-12-14,London,822.0,1706984.0,71.365
921,2020-12-14,North East,766.0,1100467.0,71.935
922,2020-12-14,North West,1519.0,2067623.0,70.76000000000002
923,2020-12-14,South East,1074.0,1584037.0,65.50500000000001
924,2020-12-14,South West,2587.0,3308190.0,71.4
925,2020-12-14,West Midlands,408.0,988254.0,47.985
926,2020-12-14,Yorkshire and The Humber,2298.0,3414690.0,70.97999999999999
927,2020-12-21,East,2809.0,5645112.0,51.595
928,2020-12-21,East Midlands,2348.0,4195259.0,57.14
929,2020-12-21,London,572.0,1708000.0,49.245000000000005
930,2020-12-21,North East,603.0,1100444.0,56.93000000000001
931,2020-12-21,North West,1101.0,2067835.0,51.565
932,2020-12-21,South East,753.0,1584116.0,45.86000000000001
933,2020-12-21,South West,1797.0,3309072.0,49.56
934,2020-12-21,West Midlands,277.0,988263.0,32.225
935,2020-12-21,Yorkshire and The Humber,1751.0,3414986.0,54.089999999999996
936,2020-12-28,East,2506.0,5645398.0,45.974999999999994
937,2020-12-28,East Midlands,1959.0,4195372.0,47.699999999999996
938,2020-12-28,London,473.0,1708452.0,40.705
939,2020-12-28,North East,477.0,1100330.0,44.995000000000005
940,2020-12-28,North West,956.0,2067730.0,44.685
941,2020-12-28,South East,638.0,1584136.0,38.935
942,2020-12-28,South West,1776.0,3309353.0,49.15500000000001
943,2020-12-28,West Midlands,255.0,988327.0,30.189999999999998
944,2020-12-28,Yorkshire and The Humber,1626.0,3414976.0,50.324999999999996
