,date,region,population,disease,"European Standard population rate per 100,000"
0,2018-12-31,East,5515055.0,7652.0,143.29161712039271
1,2018-12-31,East Midlands,4122225.0,5798.0,145.39997101113866
2,2018-12-31,London,1606708.0,1469.0,135.26380682354912
3,2018-12-31,North East,1091856.0,1555.0,149.60642079515156
4,2018-12-31,North West,2048923.0,3167.0,153.2331093009835
5,2018-12-31,South East,1567094.0,1949.0,120.50051567929289
6,2018-12-31,South West,3232506.0,4823.0,137.90649793444427
7,2018-12-31,West Midlands,985075.0,1324.0,153.23024673151258
8,2018-12-31,Yorkshire and The Humber,3383334.0,4839.0,152.4894530445464
9,2019-01-07,East,5517160.0,8879.0,166.06548039958847
10,2019-01-07,East Midlands,4122794.0,6515.0,163.03647034705466
11,2019-01-07,London,1608044.0,1842.0,170.71069607419463
12,2019-01-07,North East,1091984.0,1896.0,181.31317879824314
13,2019-01-07,North West,2049164.0,3704.0,177.91538098710174
14,2019-01-07,South East,1567011.0,2211.0,137.10033349864636
15,2019-01-07,South West,3233017.0,5672.0,161.93491078520324
16,2019-01-07,West Midlands,985301.0,1402.0,160.8966653667336
17,2019-01-07,Yorkshire and The Humber,3383753.0,5492.0,172.01971277727367
18,2019-01-14,East,5518827.0,8435.0,157.7062264139072
19,2019-01-14,East Midlands,4123766.0,6303.0,157.68415436792228
20,2019-01-14,London,1609766.0,1694.0,153.82119041245375
21,2019-01-14,North East,1092155.0,1756.0,168.4212921723855
22,2019-01-14,North West,2049685.0,3539.0,170.46372284598644
23,2019-01-14,South East,1567104.0,2146.0,133.06363475142933
24,2019-01-14,South West,3234147.0,5420.0,154.7541817922215
25,2019-01-14,West Midlands,985704.0,1409.0,161.1994147259026
26,2019-01-14,Yorkshire and The Humber,3384413.0,5266.0,165.21953611319876
27,2019-01-21,East,5520340.0,8459.0,158.23293921123891
28,2019-01-21,East Midlands,4124869.0,6250.0,156.2796549534416
29,2019-01-21,London,1611443.0,1709.0,154.25061237748167
30,2019-01-21,North East,1092293.0,1771.0,169.366243909023
31,2019-01-21,North West,2050003.0,3709.0,178.6906236176943
32,2019-01-21,South East,1567258.0,2206.0,137.0190153959642
33,2019-01-21,South West,3235271.0,5562.0,158.74220729916186
34,2019-01-21,West Midlands,985896.0,1373.0,157.63874842695452
35,2019-01-21,Yorkshire and The Humber,3384959.0,5304.0,165.56696481066896
36,2019-01-28,East,5522002.0,8599.0,160.6996538765041
37,2019-01-28,East Midlands,4125954.0,6341.0,158.57134651434703
38,2019-01-28,London,1612668.0,1691.0,157.03363837137766
39,2019-01-28,North East,1092347.0,1768.0,169.68760854555327
40,2019-01-28,North West,2050330.0,3633.0,174.62714089414723
41,2019-01-28,South East,1567638.0,2132.0,132.59500929957028
42,2019-01-28,South West,3237579.0,5281.0,150.8880322815335
43,2019-01-28,West Midlands,986094.0,1389.0,159.5790026150425
44,2019-01-28,Yorkshire and The Humber,3385619.0,5287.0,165.44071125680662
45,2019-02-04,East,5523410.0,8661.0,161.08538718234922
46,2019-02-04,East Midlands,4127314.0,6437.0,160.89458302247084
47,2019-02-04,London,1614441.0,1807.0,165.71009474402078
48,2019-02-04,North East,1092482.0,1686.0,161.31620436654129
49,2019-02-04,North West,2050678.0,3733.0,179.268816306434
50,2019-02-04,South East,1568125.0,2269.0,140.7590104993363
51,2019-02-04,South West,3238714.0,5505.0,156.93650087124647
52,2019-02-04,West Midlands,986522.0,1365.0,156.695308613987
53,2019-02-04,Yorkshire and The Humber,3386129.0,5375.0,167.86269557689124
54,2019-02-11,East,5524457.0,8637.0,161.18396855359313
55,2019-02-11,East Midlands,4128080.0,6355.0,158.8409550473772
56,2019-02-11,London,1615701.0,1767.0,160.5460274650145
57,2019-02-11,North East,1092598.0,1751.0,166.99289534337234
58,2019-02-11,North West,2050966.0,3498.0,167.65289021369736
59,2019-02-11,South East,1568338.0,2162.0,134.13915462426172
60,2019-02-11,South West,3239613.0,5403.0,153.92325796878
61,2019-02-11,West Midlands,986703.0,1389.0,160.28403998094794
62,2019-02-11,Yorkshire and The Humber,3386559.0,5211.0,163.4127188462419
63,2019-02-18,East,5525617.0,8204.0,153.25761769317015
64,2019-02-18,East Midlands,4128999.0,6041.0,150.91368728235966
65,2019-02-18,London,1617063.0,1682.0,155.29069821656213
66,2019-02-18,North East,1092806.0,1666.0,159.0222284028151
67,2019-02-18,North West,2051210.0,3266.0,156.53596505480314
68,2019-02-18,South East,1568466.0,2129.0,131.87274847010917
69,2019-02-18,South West,3240767.0,5109.0,145.70741746779908
70,2019-02-18,West Midlands,987132.0,1355.0,155.88617328536074
71,2019-02-18,Yorkshire and The Humber,3386772.0,4991.0,156.40498903713794
72,2019-02-25,East,5527048.0,8168.0,153.0932730803022
73,2019-02-25,East Midlands,4129895.0,6083.0,152.13502310446296
74,2019-02-25,London,1618130.0,1643.0,150.1302234503652
75,2019-02-25,North East,1092811.0,1780.0,170.42249908425325
76,2019-02-25,North West,2051466.0,3150.0,151.51948365679505
77,2019-02-25,South East,1568781.0,2096.0,130.38157196252953
78,2019-02-25,South West,3242207.0,5197.0,147.9514596514889
79,2019-02-25,West Midlands,987239.0,1325.0,152.7074134322704
80,2019-02-25,Yorkshire and The Humber,3387213.0,4999.0,157.22770349316693
81,2019-03-04,East,5528037.0,8317.0,154.93256482852863
82,2019-03-04,East Midlands,4130695.0,6070.0,151.4074283821575
83,2019-03-04,London,1618965.0,1688.0,154.08150662433835
84,2019-03-04,North East,1092816.0,1703.0,162.40515438466716
85,2019-03-04,North West,2052089.0,3473.0,166.67017720477403
86,2019-03-04,South East,1568821.0,2090.0,129.56357881460218
87,2019-03-04,South West,3243060.0,5216.0,148.12445998826274
88,2019-03-04,West Midlands,987296.0,1326.0,152.59719749554728
89,2019-03-04,Yorkshire and The Humber,3387521.0,5051.0,157.96429929213238
90,2019-03-11,East,5529554.0,8245.0,153.94785615477758
91,2019-03-11,East Midlands,4131749.0,6022.0,150.32679919473838
92,2019-03-11,London,1620608.0,1695.0,155.54474974839994
93,2019-03-11,North East,1092868.0,1695.0,161.89965690152093
94,2019-03-11,North West,2052402.0,3283.0,157.23280774871498
95,2019-03-11,South East,1568803.0,2154.0,133.39711094507575
96,2019-03-11,South West,3245066.0,5280.0,150.29807529048745
97,2019-03-11,West Midlands,987378.0,1343.0,153.70190391520612
98,2019-03-11,Yorkshire and The Humber,3387773.0,5168.0,161.96138398808986
99,2019-03-18,East,5530742.0,7994.0,149.1359415814099
100,2019-03-18,East Midlands,4132277.0,6089.0,151.94241993918433
101,2019-03-18,London,1621753.0,1588.0,144.90543957787816
102,2019-03-18,North East,1092870.0,1625.0,155.81761544363584
103,2019-03-18,North West,2052523.0,3087.0,148.2133767763053
104,2019-03-18,South East,1569055.0,2048.0,127.23933371276468
105,2019-03-18,South West,3245734.0,5111.0,145.6750845724665
106,2019-03-18,West Midlands,987417.0,1286.0,147.8710050140735
107,2019-03-18,Yorkshire and The Humber,3388238.0,4905.0,153.370805304981
108,2019-03-25,East,5531949.0,7977.0,149.22665368391878
109,2019-03-25,East Midlands,4133178.0,5793.0,144.43083016619806
110,2019-03-25,London,1622928.0,1595.0,143.93588822252383
111,2019-03-25,North East,1092992.0,1622.0,155.1674228874672
112,2019-03-25,North West,2052640.0,3042.0,145.6552603417132
113,2019-03-25,South East,1569363.0,2035.0,126.10610664943519
114,2019-03-25,South West,3250433.0,5015.0,142.60177756224505
115,2019-03-25,West Midlands,987382.0,1304.0,150.2883717094027
116,2019-03-25,Yorkshire and The Humber,3388717.0,4831.0,151.13951146344644
117,2019-04-01,East,5531706.0,8264.0,153.98218620901864
118,2019-04-01,East Midlands,4132737.0,6144.0,153.1229388974078
119,2019-04-01,London,1622869.0,1584.0,143.50507881861952
120,2019-04-01,North East,1092879.0,1622.0,155.0519070448204
121,2019-04-01,North West,2052430.0,3442.0,164.89882690362427
122,2019-04-01,South East,1569027.0,2123.0,131.2152514289835
123,2019-04-01,South West,3250336.0,5367.0,151.87114470554818
124,2019-04-01,West Midlands,987171.0,1331.0,152.7714574533479
125,2019-04-01,Yorkshire and The Humber,3388253.0,5106.0,159.94268248726232
126,2019-04-08,East,5534458.0,7999.0,149.02269416186806
127,2019-04-08,East Midlands,4134819.0,6133.0,152.76985256471394
128,2019-04-08,London,1624707.0,1623.0,147.9141737118412
129,2019-04-08,North East,1093385.0,1678.0,159.94047912139308
130,2019-04-08,North West,2053094.0,3227.0,154.39042565841387
131,2019-04-08,South East,1569686.0,2066.0,128.1555556015375
132,2019-04-08,South West,3252159.0,5137.0,145.13652522436672
133,2019-04-08,West Midlands,987544.0,1404.0,160.9375783752051
134,2019-04-08,Yorkshire and The Humber,3389747.0,4974.0,155.89865620572667
135,2019-04-15,East,5535118.0,7066.0,132.09038813765872
136,2019-04-15,East Midlands,4135321.0,5502.0,137.25503825815386
137,2019-04-15,London,1625870.0,1400.0,128.5035746177671
138,2019-04-15,North East,1093399.0,1521.0,145.62999731324965
139,2019-04-15,North West,2053153.0,2929.0,140.3787708481083
140,2019-04-15,South East,1569837.0,1846.0,113.63985202910384
141,2019-04-15,South West,3252794.0,4633.0,130.87404436876008
142,2019-04-15,West Midlands,987540.0,1157.0,133.73311065369825
143,2019-04-15,Yorkshire and The Humber,3390149.0,4486.0,140.6915707901629
144,2019-04-22,East,5535733.0,7414.0,138.72070885320807
145,2019-04-22,East Midlands,4135672.0,5641.0,140.7425505132996
146,2019-04-22,London,1626324.0,1503.0,135.89644259379924
147,2019-04-22,North East,1093374.0,1554.0,148.94678400782146
148,2019-04-22,North West,2053356.0,3006.0,143.9127217188729
149,2019-04-22,South East,1569829.0,1829.0,113.3174500502991
150,2019-04-22,South West,3253168.0,4789.0,135.38756738452253
151,2019-04-22,West Midlands,987517.0,1241.0,144.40609258523293
152,2019-04-22,Yorkshire and The Humber,3390414.0,4602.0,144.54100627719393
153,2019-04-29,East,5536864.0,7903.0,147.77808562463457
154,2019-04-29,East Midlands,4136444.0,6000.0,150.06666253172966
155,2019-04-29,London,1627667.0,1594.0,144.98595790570687
156,2019-04-29,North East,1093436.0,1689.0,161.7788035830147
157,2019-04-29,North West,2053449.0,3209.0,153.96067433736644
158,2019-04-29,South East,1569971.0,2066.0,128.18767754776866
159,2019-04-29,South West,3254124.0,5099.0,144.4080519147115
160,2019-04-29,West Midlands,987475.0,1296.0,150.67809283485678
161,2019-04-29,Yorkshire and The Humber,3390863.0,4800.0,150.99291878324573
162,2019-05-06,East,5537703.0,7101.0,132.37977019992633
163,2019-05-06,East Midlands,4136993.0,5479.0,136.48535135216335
164,2019-05-06,London,1628730.0,1472.0,133.23075028993645
165,2019-05-06,North East,1093463.0,1490.0,142.26253096615721
166,2019-05-06,North West,2053638.0,2956.0,141.19986368079137
167,2019-05-06,South East,1570096.0,1876.0,115.35347470346186
168,2019-05-06,South West,3254923.0,4683.0,132.0765189511421
169,2019-05-06,West Midlands,987470.0,1177.0,135.87172974296624
170,2019-05-06,Yorkshire and The Humber,3391154.0,4373.0,137.0416202576594
171,2019-05-13,East,5539335.0,7942.0,147.84543418777582
172,2019-05-13,East Midlands,4137732.0,5956.0,148.30131593160706
173,2019-05-13,London,1630029.0,1531.0,139.6178442781221
174,2019-05-13,North East,1093555.0,1662.0,158.78164588653317
175,2019-05-13,North West,2053847.0,3226.0,154.639807771829
176,2019-05-13,South East,1570646.0,2018.0,124.47334694904377
177,2019-05-13,South West,3255966.0,5165.0,145.97319070901474
178,2019-05-13,West Midlands,987619.0,1302.0,150.29613148601297
179,2019-05-13,Yorkshire and The Humber,3391798.0,4752.0,148.62629529527797
180,2019-05-20,East,5540840.0,7842.0,146.34376693336364
181,2019-05-20,East Midlands,4138750.0,6121.0,152.58885553539187
182,2019-05-20,London,1631418.0,1631.0,149.22114094865395
183,2019-05-20,North East,1093660.0,1565.0,149.34487775427684
184,2019-05-20,North West,2054043.0,3123.0,149.19931565327076
185,2019-05-20,South East,1570882.0,2035.0,125.7523747951108
186,2019-05-20,South West,3257558.0,5092.0,143.6507091095149
187,2019-05-20,West Midlands,987710.0,1306.0,151.46222887963506
188,2019-05-20,Yorkshire and The Humber,3392283.0,4684.0,146.4535949736422
189,2019-05-27,East,5541849.0,6749.0,126.10967816333687
190,2019-05-27,East Midlands,4139350.0,5212.0,130.1982409852361
191,2019-05-27,London,1632632.0,1323.0,121.82427372217776
192,2019-05-27,North East,1093649.0,1441.0,137.5269959572379
193,2019-05-27,North West,2054187.0,2846.0,136.25931467019404
194,2019-05-27,South East,1570995.0,1680.0,103.44816449621996
195,2019-05-27,South West,3258551.0,4414.0,124.11470935595266
196,2019-05-27,West Midlands,987711.0,1079.0,125.11099442071195
197,2019-05-27,Yorkshire and The Humber,3392632.0,4098.0,129.04505768034133
198,2019-06-03,East,5543220.0,7733.0,144.29554769720394
199,2019-06-03,East Midlands,4139831.0,5839.0,144.8221608356144
200,2019-06-03,London,1634127.0,1553.0,140.68982041771048
201,2019-06-03,North East,1093789.0,1590.0,150.82605293582796
202,2019-06-03,North West,2054251.0,3128.0,149.42560780900183
203,2019-06-03,South East,1571304.0,1984.0,121.97776504818736
204,2019-06-03,South West,3260449.0,5065.0,142.15673563117625
205,2019-06-03,West Midlands,987788.0,1251.0,145.2915593744184
206,2019-06-03,Yorkshire and The Humber,3393095.0,4675.0,146.4223815963986
207,2019-06-10,East,5544920.0,7850.0,146.0527608108955
208,2019-06-10,East Midlands,4141048.0,5910.0,146.94920733345205
209,2019-06-10,London,1635493.0,1549.0,139.54747130172925
210,2019-06-10,North East,1093886.0,1549.0,148.15055523663602
211,2019-06-10,North West,2054699.0,3110.0,148.71242695462607
212,2019-06-10,South East,1571735.0,1942.0,119.35078276452963
213,2019-06-10,South West,3262215.0,5008.0,140.71052832639054
214,2019-06-10,West Midlands,987840.0,1215.0,141.14546289383784
215,2019-06-10,Yorkshire and The Humber,3393833.0,4673.0,146.0921429599924
216,2019-06-17,East,5546988.0,7548.0,140.47069280006326
217,2019-06-17,East Midlands,4142373.0,5788.0,143.7090775243638
218,2019-06-17,London,1636811.0,1558.0,139.25275046394734
219,2019-06-17,North East,1093904.0,1511.0,144.02775942290393
220,2019-06-17,North West,2054940.0,3056.0,145.99265733144384
221,2019-06-17,South East,1571910.0,1943.0,120.03427386092855
222,2019-06-17,South West,3262832.0,4949.0,139.5875371621568
223,2019-06-17,West Midlands,988005.0,1255.0,145.07849429485825
224,2019-06-17,Yorkshire and The Humber,3394616.0,4620.0,144.36097479660393
225,2019-06-24,East,5549063.0,7755.0,144.5443248274401
226,2019-06-24,East Midlands,4143437.0,5805.0,144.35104361834465
227,2019-06-24,London,1638379.0,1611.0,146.35057819780383
228,2019-06-24,North East,1094054.0,1569.0,149.0779431328805
229,2019-06-24,North West,2055282.0,3185.0,152.0529910772255
230,2019-06-24,South East,1573107.0,1943.0,119.80932289012168
231,2019-06-24,South West,3263551.0,5013.0,141.11355393883218
232,2019-06-24,West Midlands,988151.0,1269.0,147.0711989748341
233,2019-06-24,Yorkshire and The Humber,3395141.0,4648.0,145.60412323141492
234,2019-07-01,East,5550169.0,7533.0,139.96566223870676
235,2019-07-01,East Midlands,4143445.0,5860.0,145.191622751252
236,2019-07-01,London,1639023.0,1518.0,138.28774432723512
237,2019-07-01,North East,1093893.0,1528.0,145.4471708569482
238,2019-07-01,North West,2055062.0,3097.0,147.57234554417718
239,2019-07-01,South East,1572953.0,1857.0,114.15389783521682
240,2019-07-01,South West,3263498.0,5021.0,140.93795428069288
241,2019-07-01,West Midlands,987987.0,1261.0,145.53656859423208
242,2019-07-01,Yorkshire and The Humber,3395014.0,4304.0,133.94196828008995
243,2019-07-08,East,5554109.0,7688.0,142.9663064760837
244,2019-07-08,East Midlands,4145630.0,5740.0,142.22864281836712
245,2019-07-08,London,1641100.0,1595.0,143.2596885347821
246,2019-07-08,North East,1094385.0,1526.0,145.3407413110186
247,2019-07-08,North West,2055905.0,3004.0,143.2179159347249
248,2019-07-08,South East,1573643.0,1935.0,118.98887373911175
249,2019-07-08,South West,3265219.0,4825.0,135.3979962841073
250,2019-07-08,West Midlands,988353.0,1196.0,137.90600828317235
251,2019-07-08,Yorkshire and The Humber,3396342.0,4217.0,131.62314482987307
252,2019-07-15,East,5555798.0,7523.0,139.96767335032908
253,2019-07-15,East Midlands,4146019.0,5892.0,146.2417187371698
254,2019-07-15,London,1642143.0,1545.0,139.10291804513625
255,2019-07-15,North East,1094481.0,1495.0,141.65189534120964
256,2019-07-15,North West,2056205.0,3010.0,143.67314727574427
257,2019-07-15,South East,1573512.0,1911.0,117.6380593456064
258,2019-07-15,South West,3265925.0,5053.0,142.1649595121797
259,2019-07-15,West Midlands,988523.0,1258.0,144.52660717352387
260,2019-07-15,Yorkshire and The Humber,3396452.0,4176.0,130.36409497893726
261,2019-07-22,East,5558020.0,7544.0,140.4099329036999
262,2019-07-22,East Midlands,4146768.0,5717.0,142.07264288977785
263,2019-07-22,London,1643701.0,1505.0,136.9139589608541
264,2019-07-22,North East,1094709.0,1585.0,151.2759467043907
265,2019-07-22,North West,2056532.0,3060.0,146.04942949862627
266,2019-07-22,South East,1573656.0,1943.0,119.6616338860289
267,2019-07-22,South West,3266633.0,4860.0,136.62066188177337
268,2019-07-22,West Midlands,988590.0,1200.0,138.83512140189035
269,2019-07-22,Yorkshire and The Humber,3397037.0,4261.0,133.40432808568045
270,2019-07-29,East,5559742.0,7546.0,140.57238258211555
271,2019-07-29,East Midlands,4147597.0,5605.0,139.15918554246264
272,2019-07-29,London,1645147.0,1475.0,132.68538558439468
273,2019-07-29,North East,1094909.0,1597.0,152.57783907166652
274,2019-07-29,North West,2056700.0,2933.0,139.7932382945867
275,2019-07-29,South East,1573816.0,1908.0,117.69612863131307
276,2019-07-29,South West,3267328.0,4850.0,135.87254861951013
277,2019-07-29,West Midlands,988631.0,1184.0,136.8280163697675
278,2019-07-29,Yorkshire and The Humber,3397684.0,4426.0,138.10574824804456
279,2019-08-05,East,5561522.0,7328.0,136.07018867983314
280,2019-08-05,East Midlands,4148457.0,5504.0,136.3942278860892
281,2019-08-05,London,1646526.0,1523.0,138.12895519168063
282,2019-08-05,North East,1094929.0,1523.0,144.87266153676308
283,2019-08-05,North West,2056784.0,2935.0,140.22088151006608
284,2019-08-05,South East,1573830.0,1843.0,113.14420803251001
285,2019-08-05,South West,3267867.0,4890.0,137.0246494940508
286,2019-08-05,West Midlands,988541.0,1168.0,135.02561556416657
287,2019-08-05,Yorkshire and The Humber,3398313.0,4559.0,142.20023669782125
288,2019-08-12,East,5563127.0,7378.0,137.26325995788952
289,2019-08-12,East Midlands,4149607.0,5735.0,142.1056249580216
290,2019-08-12,London,1647413.0,1454.0,134.21186538588282
291,2019-08-12,North East,1094961.0,1504.0,143.5273753085344
292,2019-08-12,North West,2057140.0,2851.0,136.2379478192104
293,2019-08-12,South East,1574087.0,1883.0,115.52057256687108
294,2019-08-12,South West,3268999.0,4778.0,133.5736075453733
295,2019-08-12,West Midlands,988620.0,1224.0,141.8249077150434
296,2019-08-12,Yorkshire and The Humber,3399073.0,4327.0,135.18330280465915
297,2019-08-19,East,5565046.0,7455.0,138.40721907815103
298,2019-08-19,East Midlands,4150656.0,5436.0,134.8466159769305
299,2019-08-19,London,1648878.0,1462.0,132.6036114783898
300,2019-08-19,North East,1095075.0,1531.0,146.11262250005313
301,2019-08-19,North West,2057606.0,2979.0,141.90741517187993
302,2019-08-19,South East,1574373.0,1877.0,115.44782107104217
303,2019-08-19,South West,3269961.0,4791.0,133.96810386022307
304,2019-08-19,West Midlands,988575.0,1198.0,138.8686703934522
305,2019-08-19,Yorkshire and The Humber,3399690.0,4479.0,139.7343376924558
306,2019-08-26,East,5566124.0,6615.0,123.00609730861217
307,2019-08-26,East Midlands,4151392.0,5074.0,125.65830145938517
308,2019-08-26,London,1649908.0,1380.0,126.02014806463902
309,2019-08-26,North East,1095214.0,1337.0,127.32434447427583
310,2019-08-26,North West,2057692.0,2639.0,125.6147785494816
311,2019-08-26,South East,1574311.0,1651.0,101.64397658533105
312,2019-08-26,South West,3270789.0,4438.0,123.95939300787626
313,2019-08-26,West Midlands,988416.0,1093.0,126.57111641840191
314,2019-08-26,Yorkshire and The Humber,3399558.0,4176.0,130.53135537380405
315,2019-09-02,East,5567841.0,7186.0,133.2839063304826
316,2019-09-02,East Midlands,4152798.0,5787.0,142.94594047040593
317,2019-09-02,London,1651515.0,1507.0,134.75287083773
318,2019-09-02,North East,1095362.0,1578.0,149.78543229802966
319,2019-09-02,North West,2058060.0,2883.0,137.33918039371582
320,2019-09-02,South East,1574552.0,1953.0,119.9280331625286
321,2019-09-02,South West,3272274.0,4808.0,134.38275766153092
322,2019-09-02,West Midlands,988430.0,1208.0,139.0253936200363
323,2019-09-02,Yorkshire and The Humber,3400569.0,4611.0,143.71421185335686
324,2019-09-09,East,5569760.0,7518.0,139.1843011281389
325,2019-09-09,East Midlands,4153985.0,5636.0,139.1038624850516
326,2019-09-09,London,1653300.0,1521.0,137.72557675849822
327,2019-09-09,North East,1096182.0,1559.0,147.90118160855695
328,2019-09-09,North West,2058419.0,3232.0,153.6737038872621
329,2019-09-09,South East,1574523.0,1993.0,122.59864913654106
330,2019-09-09,South West,3273499.0,4967.0,139.4463321143034
331,2019-09-09,West Midlands,988593.0,1244.0,144.047189100168
332,2019-09-09,Yorkshire and The Humber,3401308.0,4720.0,146.32198715542341
333,2019-09-16,East,5570857.0,7861.0,145.28014986396772
334,2019-09-16,East Midlands,4155654.0,5944.0,146.55669727176686
335,2019-09-16,London,1655014.0,1593.0,142.09409608325865
336,2019-09-16,North East,1096371.0,1545.0,146.42898672972322
337,2019-09-16,North West,2058765.0,3123.0,148.8559526161673
338,2019-09-16,South East,1575599.0,1954.0,120.12329468903401
339,2019-09-16,South West,3275408.0,5025.0,140.59096175156375
340,2019-09-16,West Midlands,988551.0,1325.0,150.69156861719318
341,2019-09-16,Yorkshire and The Humber,3402488.0,4789.0,148.7648312339975
342,2019-09-23,East,5571147.0,7929.0,146.78464432821585
343,2019-09-23,East Midlands,4159524.0,6161.0,152.12199270309483
344,2019-09-23,London,1656825.0,1619.0,143.741702697891
345,2019-09-23,North East,1097452.0,1670.0,158.41491404840707
346,2019-09-23,North West,2058976.0,3148.0,150.0477557407779
347,2019-09-23,South East,1576657.0,2046.0,125.40245580283846
348,2019-09-23,South West,3276302.0,5173.0,144.83427405952034
349,2019-09-23,West Midlands,988691.0,1310.0,150.4254710298053
350,2019-09-23,Yorkshire and The Humber,3403050.0,4872.0,151.40060869570652
351,2019-09-30,East,5569743.0,8258.0,152.66620766039645
352,2019-09-30,East Midlands,4162264.0,5993.0,147.67442220923232
353,2019-09-30,London,1658917.0,1638.0,144.43574948266118
354,2019-09-30,North East,1098002.0,1654.0,156.87397162762863
355,2019-09-30,North West,2058332.0,3277.0,156.17599854663055
356,2019-09-30,South East,1577529.0,2020.0,123.79307356198605
357,2019-09-30,South West,3276296.0,5123.0,144.0609891927038
358,2019-09-30,West Midlands,988892.0,1347.0,154.43882191497744
359,2019-09-30,Yorkshire and The Humber,3401974.0,4958.0,154.01090746614847
360,2019-10-07,East,5573387.0,8188.0,151.10088527799348
361,2019-10-07,East Midlands,4163877.0,6256.0,153.95765619466897
362,2019-10-07,London,1661692.0,1625.0,144.80245194013713
363,2019-10-07,North East,1098101.0,1628.0,153.84901222208362
364,2019-10-07,North West,2058681.0,3224.0,153.14959907340594
365,2019-10-07,South East,1578094.0,2128.0,130.63430775872354
366,2019-10-07,South West,3277902.0,5112.0,143.2841622595859
367,2019-10-07,West Midlands,989169.0,1310.0,149.83366790838198
368,2019-10-07,Yorkshire and The Humber,3402367.0,4998.0,154.93723966764776
369,2019-10-14,East,5575642.0,8366.0,154.68384585158645
370,2019-10-14,East Midlands,4165547.0,6257.0,154.16592526128855
371,2019-10-14,London,1664176.0,1655.0,146.7902657865673
372,2019-10-14,North East,1098253.0,1728.0,163.73064781487977
373,2019-10-14,North West,2058881.0,3387.0,161.13082870498994
374,2019-10-14,South East,1578520.0,2086.0,127.49615607563547
375,2019-10-14,South West,3278753.0,5355.0,149.70345455415506
376,2019-10-14,West Midlands,989516.0,1388.0,158.46138211360957
377,2019-10-14,Yorkshire and The Humber,3402722.0,5123.0,158.79108364801934
378,2019-10-21,East,5578094.0,8066.0,149.0427589271717
379,2019-10-21,East Midlands,4167318.0,6124.0,150.89676625336523
380,2019-10-21,London,1666687.0,1555.0,139.2554314343376
381,2019-10-21,North East,1098443.0,1697.0,160.65160748068166
382,2019-10-21,North West,2058903.0,3279.0,156.20289878477942
383,2019-10-21,South East,1579052.0,2107.0,129.16801589589207
384,2019-10-21,South West,3279646.0,5116.0,143.03182682775918
385,2019-10-21,West Midlands,989717.0,1327.0,151.09744834144396
386,2019-10-21,Yorkshire and The Humber,3403187.0,4994.0,154.6294186631148
387,2019-10-28,East,5580668.0,8322.0,153.55522982376093
388,2019-10-28,East Midlands,4169340.0,6055.0,149.18353362612345
389,2019-10-28,London,1669317.0,1632.0,146.57100341269643
390,2019-10-28,North East,1098547.0,1660.0,157.15098582859721
391,2019-10-28,North West,2059166.0,3170.0,150.90795346059346
392,2019-10-28,South East,1579453.0,2080.0,127.1559410334983
393,2019-10-28,South West,3280611.0,5162.0,145.08090433716106
394,2019-10-28,West Midlands,989720.0,1276.0,145.68840269701184
395,2019-10-28,Yorkshire and The Humber,3403779.0,5101.0,158.10307024504675
396,2019-11-04,East,5583029.0,8409.0,154.94682148346516
397,2019-11-04,East Midlands,4171637.0,6382.0,156.8673527293964
398,2019-11-04,London,1671548.0,1659.0,148.13916381671982
399,2019-11-04,North East,1098632.0,1754.0,165.37509606377915
400,2019-11-04,North West,2059078.0,3480.0,165.54176669932647
401,2019-11-04,South East,1579652.0,2183.0,133.9023343289393
402,2019-11-04,South West,3281513.0,5577.0,156.34133952503805
403,2019-11-04,West Midlands,989651.0,1370.0,156.41588343753736
404,2019-11-04,Yorkshire and The Humber,3404474.0,5286.0,163.26467570432467
405,2019-11-11,East,5585545.0,8477.0,155.9427178926392
406,2019-11-11,East Midlands,4173196.0,6387.0,156.68160023815548
407,2019-11-11,London,1674099.0,1692.0,148.52814211621813
408,2019-11-11,North East,1098699.0,1705.0,160.9997183903345
409,2019-11-11,North West,2059223.0,3463.0,164.98411131860922
410,2019-11-11,South East,1580126.0,2226.0,136.25152016501366
411,2019-11-11,South West,3282209.0,5444.0,152.39176088056894
412,2019-11-11,West Midlands,990011.0,1326.0,150.5145456580791
413,2019-11-11,Yorkshire and The Humber,3405024.0,5114.0,158.13415289249178
414,2019-11-18,East,5587356.0,8648.0,158.763695510337
415,2019-11-18,East Midlands,4175183.0,6588.0,161.54274913193075
416,2019-11-18,London,1675844.0,1676.0,148.97431017552114
417,2019-11-18,North East,1098810.0,1831.0,173.17317808107464
418,2019-11-18,North West,2059405.0,3446.0,163.72358857697617
419,2019-11-18,South East,1580493.0,2210.0,135.6350425107974
420,2019-11-18,South West,3282984.0,5657.0,158.72877355535937
421,2019-11-18,West Midlands,989604.0,1385.0,156.42662331444333
422,2019-11-18,Yorkshire and The Humber,3405682.0,5453.0,167.94736923824183
423,2019-11-25,East,5588322.0,8678.0,159.50557431218314
424,2019-11-25,East Midlands,4176741.0,6763.0,165.6983614542406
425,2019-11-25,London,1676426.0,1681.0,149.59677725407093
426,2019-11-25,North East,1098982.0,1852.0,174.78531984103893
427,2019-11-25,North West,2059588.0,3538.0,168.33417890980272
428,2019-11-25,South East,1580652.0,2192.0,134.63138044408262
429,2019-11-25,South West,3283970.0,5559.0,156.43040109304818
430,2019-11-25,West Midlands,989709.0,1411.0,160.05180765410284
431,2019-11-25,Yorkshire and The Humber,3406296.0,5472.0,168.52832465502658
432,2019-12-02,East,5589895.0,9007.0,164.8005415205876
433,2019-12-02,East Midlands,4178645.0,6783.0,166.07859154603867
434,2019-12-02,London,1677680.0,1716.0,153.68288856996253
435,2019-12-02,North East,1098988.0,1889.0,177.6177604767194
436,2019-12-02,North West,2059615.0,3625.0,172.2765785866901
437,2019-12-02,South East,1580837.0,2267.0,139.02223726961557
438,2019-12-02,South West,3285938.0,5806.0,163.52141408216926
439,2019-12-02,West Midlands,989803.0,1470.0,165.1926633184446
440,2019-12-02,Yorkshire and The Humber,3406760.0,5523.0,169.8649127166642
441,2019-12-09,East,5591083.0,9115.0,166.99976023794665
442,2019-12-09,East Midlands,4179441.0,6764.0,165.39439219022367
443,2019-12-09,London,1679150.0,1728.0,151.46855720602056
444,2019-12-09,North East,1099116.0,1936.0,182.6422264220599
445,2019-12-09,North West,2059692.0,3926.0,186.69840958714883
446,2019-12-09,South East,1580982.0,2288.0,140.15614698852463
447,2019-12-09,South West,3287174.0,5819.0,164.0571726160292
448,2019-12-09,West Midlands,989867.0,1505.0,169.1410256402983
449,2019-12-09,Yorkshire and The Humber,3406975.0,5530.0,170.26884195546882
450,2019-12-16,East,5592374.0,9143.0,167.38493290744563
451,2019-12-16,East Midlands,4179927.0,7090.0,173.65891762448004
452,2019-12-16,London,1679933.0,1845.0,163.1538478850958
453,2019-12-16,North East,1099203.0,1916.0,181.48953375189697
454,2019-12-16,North West,2059806.0,3708.0,176.41070700215266
455,2019-12-16,South East,1581048.0,2362.0,144.7326639811077
456,2019-12-16,South West,3288211.0,6003.0,168.46727109189823
457,2019-12-16,West Midlands,989921.0,1461.0,165.54421772061332
458,2019-12-16,Yorkshire and The Humber,3407177.0,5505.0,169.93240291988056
459,2019-12-23,East,5593679.0,6421.0,117.38656695490117
460,2019-12-23,East Midlands,4180272.0,5044.0,123.76175081528352
461,2019-12-23,London,1680479.0,1181.0,106.92265559179589
462,2019-12-23,North East,1099182.0,1358.0,128.42429518662323
463,2019-12-23,North West,2059731.0,2653.0,126.32557374018533
464,2019-12-23,South East,1581129.0,1613.0,98.24897189432008
465,2019-12-23,South West,3288787.0,4132.0,115.83374437499033
466,2019-12-23,West Midlands,989816.0,1085.0,123.10914491306617
467,2019-12-23,Yorkshire and The Humber,3407423.0,4061.0,125.54730392714131
468,2019-12-30,East,5594369.0,7973.0,146.61695026584573
469,2019-12-30,East Midlands,4180582.0,6046.0,148.52369299442879
470,2019-12-30,London,1680794.0,1416.0,128.83070231010703
471,2019-12-30,North East,1099218.0,1628.0,153.7991069671692
472,2019-12-30,North West,2059749.0,3207.0,152.8251211887702
473,2019-12-30,South East,1581008.0,1941.0,118.4398898045556
474,2019-12-30,South West,3289283.0,5048.0,140.93499102394534
475,2019-12-30,West Midlands,989884.0,1298.0,148.52484385188438
476,2019-12-30,Yorkshire and The Humber,3407475.0,4839.0,150.1313420409225
477,2020-01-06,East,5595086.0,9118.0,167.70567408523019
478,2020-01-06,East Midlands,4180708.0,6708.0,164.40786855618668
479,2020-01-06,London,1681451.0,1799.0,158.90033174874975
480,2020-01-06,North East,1099143.0,1896.0,179.16309712938224
481,2020-01-06,North West,2059671.0,3651.0,173.6940808711368
482,2020-01-06,South East,1581010.0,2366.0,144.23999194596107
483,2020-01-06,South West,3289577.0,6021.0,168.02712585259795
484,2020-01-06,West Midlands,989969.0,1441.0,165.71660185970498
485,2020-01-06,Yorkshire and The Humber,3407606.0,5435.0,168.76411696488552
486,2020-01-13,East,5596581.0,8547.0,157.13660249298198
487,2020-01-13,East Midlands,4181423.0,6284.0,154.33843779444433
488,2020-01-13,London,1683007.0,1679.0,147.91496985556614
489,2020-01-13,North East,1099306.0,1752.0,165.86765807548917
490,2020-01-13,North West,2059912.0,3324.0,157.83371261794053
491,2020-01-13,South East,1581076.0,2148.0,131.06672342900154
492,2020-01-13,South West,3290609.0,5529.0,154.02713731478804
493,2020-01-13,West Midlands,990202.0,1410.0,162.14104637294702
494,2020-01-13,Yorkshire and The Humber,3408053.0,4992.0,154.73786251807113
495,2020-01-20,East,5598747.0,8489.0,156.1416047301387
496,2020-01-20,East Midlands,4182324.0,6257.0,153.59201480275127
497,2020-01-20,London,1684172.0,1706.0,149.31918160340484
498,2020-01-20,North East,1099460.0,1723.0,163.29791651286686
499,2020-01-20,North West,2060149.0,3246.0,154.28631808351682
500,2020-01-20,South East,1581231.0,2120.0,129.3336102819316
501,2020-01-20,South West,3291360.0,5408.0,151.10272347195973
502,2020-01-20,West Midlands,990379.0,1277.0,146.8333587448438
503,2020-01-20,Yorkshire and The Humber,3408544.0,5058.0,156.60921101902295
504,2020-01-27,East,5600653.0,8699.0,159.94438305278896
505,2020-01-27,East Midlands,4183642.0,6409.0,157.4284069889542
506,2020-01-27,London,1685748.0,1714.0,153.36657914314833
507,2020-01-27,North East,1099697.0,1761.0,166.77069986287648
508,2020-01-27,North West,2060370.0,3332.0,158.48337421444182
509,2020-01-27,South East,1581659.0,2219.0,135.81811983382218
510,2020-01-27,South West,3292490.0,5551.0,154.88174066742627
511,2020-01-27,West Midlands,990543.0,1382.0,158.25675064037128
512,2020-01-27,Yorkshire and The Humber,3408977.0,5091.0,157.55465084909736
513,2020-02-03,East,5602406.0,8492.0,155.81372225603724
514,2020-02-03,East Midlands,4184937.0,6409.0,156.88526357503463
515,2020-02-03,London,1687670.0,1740.0,154.2874674550761
516,2020-02-03,North East,1099872.0,1672.0,157.870341290724
517,2020-02-03,North West,2060602.0,3292.0,156.2231638202564
518,2020-02-03,South East,1581979.0,2265.0,138.3842165203512
519,2020-02-03,South West,3292949.0,5259.0,146.89197798829446
520,2020-02-03,West Midlands,990687.0,1305.0,149.41166962772039
521,2020-02-03,Yorkshire and The Humber,3409649.0,5046.0,155.75558071455882
522,2020-02-10,East,5603925.0,8540.0,156.88652347813976
523,2020-02-10,East Midlands,4185621.0,6393.0,156.94341161145584
524,2020-02-10,London,1688601.0,1684.0,147.97417364709426
525,2020-02-10,North East,1099898.0,1754.0,165.26947361309337
526,2020-02-10,North West,2060847.0,3287.0,155.83955876894925
527,2020-02-10,South East,1582275.0,2123.0,129.53841329913948
528,2020-02-10,South West,3293715.0,5328.0,148.1085465324582
529,2020-02-10,West Midlands,991089.0,1329.0,152.334937707333
530,2020-02-10,Yorkshire and The Humber,3409953.0,5124.0,158.40249355443046
531,2020-02-17,East,5605462.0,8328.0,152.7041728669949
532,2020-02-17,East Midlands,4186221.0,5963.0,146.2272564484837
533,2020-02-17,London,1689678.0,1631.0,143.88690267946868
534,2020-02-17,North East,1099974.0,1645.0,155.7858852468276
535,2020-02-17,North West,2061069.0,3169.0,150.71942044312627
536,2020-02-17,South East,1582565.0,2074.0,126.93498546792314
537,2020-02-17,South West,3294431.0,4963.0,138.74925128540318
538,2020-02-17,West Midlands,991360.0,1254.0,143.16018826588677
539,2020-02-17,Yorkshire and The Humber,3410373.0,4877.0,150.59649339744345
540,2020-02-24,East,5607030.0,8257.0,151.69999540488976
541,2020-02-24,East Midlands,4186470.0,6332.0,155.27494110458377
542,2020-02-24,London,1690833.0,1643.0,146.87111281711447
543,2020-02-24,North East,1100087.0,1714.0,162.26013855648793
544,2020-02-24,North West,2061220.0,3261.0,154.93949830497445
545,2020-02-24,South East,1582642.0,2155.0,131.6608502235272
546,2020-02-24,South West,3295206.0,5268.0,146.65962803158206
547,2020-02-24,West Midlands,991417.0,1310.0,150.4033510340644
548,2020-02-24,Yorkshire and The Humber,3410587.0,4979.0,154.10063538157374
549,2020-03-02,East,5610528.0,8395.0,153.74477489625517
550,2020-03-02,East Midlands,4186688.0,6219.0,152.09897715169757
551,2020-03-02,London,1691737.0,1577.0,139.49727021210043
552,2020-03-02,North East,1100092.0,1725.0,162.22906668267206
553,2020-03-02,North West,2061452.0,3221.0,152.85372016138803
554,2020-03-02,South East,1582950.0,2162.0,131.72214832819424
555,2020-03-02,South West,3295754.0,5307.0,147.55255089138043
556,2020-03-02,West Midlands,991390.0,1290.0,147.73876631047435
557,2020-03-02,Yorkshire and The Humber,3410858.0,5061.0,156.20887064573301
558,2020-03-09,East,5614138.0,7958.0,145.97716137364003
559,2020-03-09,East Midlands,4187011.0,5917.0,144.81797297172776
560,2020-03-09,London,1692952.0,1407.0,123.25707201947726
561,2020-03-09,North East,1100290.0,1727.0,163.0843230380306
562,2020-03-09,North West,2061659.0,3280.0,155.72256333399048
563,2020-03-09,South East,1583161.0,2034.0,124.01474317725074
564,2020-03-09,South West,3296304.0,5019.0,139.78282408459233
565,2020-03-09,West Midlands,991526.0,1183.0,136.24884142133413
566,2020-03-09,Yorkshire and The Humber,3411502.0,4780.0,147.23528355179872
567,2020-03-16,East,5615684.0,6273.0,114.92740301253508
568,2020-03-16,East Midlands,4187145.0,4938.0,120.88447841405566
569,2020-03-16,London,1693743.0,958.0,86.12682063640355
570,2020-03-16,North East,1100288.0,1364.0,128.99903899219373
571,2020-03-16,North West,2061645.0,2662.0,126.09060224832491
572,2020-03-16,South East,1583474.0,1664.0,102.03853366483749
573,2020-03-16,South West,3296774.0,4064.0,113.3035038297818
574,2020-03-16,West Midlands,991419.0,885.0,102.19153156533513
575,2020-03-16,Yorkshire and The Humber,3411776.0,4173.0,128.9692191977867
576,2020-03-23,East,5617342.0,4583.0,84.09593806820756
577,2020-03-23,East Midlands,4187511.0,3759.0,92.1205170897713
578,2020-03-23,London,1694137.0,645.0,57.18906374794115
579,2020-03-23,North East,1100166.0,909.0,86.061153430681
580,2020-03-23,North West,2061609.0,1917.0,91.03502303819171
581,2020-03-23,South East,1583401.0,1192.0,73.18958776574254
582,2020-03-23,South West,3297386.0,2994.0,83.52898799367317
583,2020-03-23,West Midlands,991313.0,666.0,76.89322690671663
584,2020-03-23,Yorkshire and The Humber,3411913.0,2995.0,93.01815700435994
585,2020-03-30,East,5618142.0,4070.0,74.93690948503163
586,2020-03-30,East Midlands,4187594.0,3239.0,79.61603642982757
587,2020-03-30,London,1693991.0,622.0,54.49341144055368
588,2020-03-30,North East,1100126.0,825.0,77.95827436593399
589,2020-03-30,North West,2061651.0,1676.0,79.5071514798089
590,2020-03-30,South East,1583609.0,1037.0,63.27169125608896
591,2020-03-30,South West,3297761.0,2632.0,73.18249714926932
592,2020-03-30,West Midlands,991047.0,571.0,66.25487378082956
593,2020-03-30,Yorkshire and The Humber,3411947.0,2623.0,81.43440364549207
594,2020-04-06,East,5620417.0,3430.0,63.01440937558201
595,2020-04-06,East Midlands,4187190.0,2870.0,70.38395804289175
596,2020-04-06,London,1693705.0,537.0,45.75473769932173
597,2020-04-06,North East,1100102.0,733.0,69.3409479314589
598,2020-04-06,North West,2061445.0,1450.0,68.41730548298789
599,2020-04-06,South East,1583529.0,927.0,56.667564526128295
600,2020-04-06,South West,3297727.0,2302.0,63.900370089255844
601,2020-04-06,West Midlands,991293.0,547.0,63.16322451345394
602,2020-04-06,Yorkshire and The Humber,3411783.0,2314.0,71.72523260048904
603,2020-04-13,East,5619341.0,3442.0,63.29098218764687
604,2020-04-13,East Midlands,4186546.0,2852.0,69.91898146294719
605,2020-04-13,London,1693608.0,548.0,49.19887490419883
606,2020-04-13,North East,1099819.0,701.0,66.13301340309944
607,2020-04-13,North West,2060970.0,1468.0,69.41465251605138
608,2020-04-13,South East,1583245.0,923.0,55.938696403017936
609,2020-04-13,South West,3297435.0,2329.0,64.74463041029286
610,2020-04-13,West Midlands,990920.0,545.0,63.482719107253196
611,2020-04-13,Yorkshire and The Humber,3411335.0,2329.0,72.31334041374038
612,2020-04-20,East,5618025.0,3957.0,72.80754168638538
613,2020-04-20,East Midlands,4185490.0,3224.0,79.03516062179794
614,2020-04-20,London,1693367.0,625.0,54.70808821980138
615,2020-04-20,North East,1099631.0,835.0,79.42710079368459
616,2020-04-20,North West,2060461.0,1532.0,72.58870894584658
617,2020-04-20,South East,1582989.0,973.0,59.26985208908011
618,2020-04-20,South West,3297047.0,2674.0,74.40221720525896
619,2020-04-20,West Midlands,990372.0,578.0,66.84352566122028
620,2020-04-20,Yorkshire and The Humber,3410811.0,2548.0,79.30894520539883
621,2020-04-27,East,5618254.0,4091.0,75.34680697374185
622,2020-04-27,East Midlands,4184760.0,3397.0,83.55814576158066
623,2020-04-27,London,1693241.0,659.0,58.09615142762676
624,2020-04-27,North East,1099340.0,864.0,81.88681473528595
625,2020-04-27,North West,2059991.0,1633.0,77.55543342519351
626,2020-04-27,South East,1582680.0,1103.0,67.15669878948854
627,2020-04-27,South West,3296502.0,2775.0,76.93222547717463
628,2020-04-27,West Midlands,990034.0,631.0,73.76968071516504
629,2020-04-27,Yorkshire and The Humber,3410155.0,2618.0,81.39840754395495
630,2020-05-04,East,5618097.0,3913.0,72.00360145781029
631,2020-05-04,East Midlands,4184325.0,3235.0,79.52083161817191
632,2020-05-04,London,1693126.0,670.0,61.392645820874286
633,2020-05-04,North East,1099197.0,813.0,76.89064566965588
634,2020-05-04,North West,2059708.0,1620.0,76.71175906464855
635,2020-05-04,South East,1582452.0,1113.0,68.002933524092
636,2020-05-04,South West,3296370.0,2806.0,76.97415579489196
637,2020-05-04,West Midlands,989871.0,648.0,75.59093754028196
638,2020-05-04,Yorkshire and The Humber,3409633.0,2574.0,80.07259037284125
639,2020-05-11,East,5617791.0,4469.0,82.24172559427728
640,2020-05-11,East Midlands,4183978.0,3634.0,89.19766673156383
641,2020-05-11,London,1693141.0,775.0,70.37027229414568
642,2020-05-11,North East,1098982.0,926.0,87.90838439094621
643,2020-05-11,North West,2059561.0,1754.0,83.05192571998171
644,2020-05-11,South East,1582228.0,1226.0,74.54167727604047
645,2020-05-11,South West,3296175.0,3063.0,84.7640514591281
646,2020-05-11,West Midlands,989714.0,617.0,71.65029509003405
647,2020-05-11,Yorkshire and The Humber,3409318.0,2791.0,86.81578325779431
648,2020-05-18,East,5618299.0,4446.0,81.83133752993082
649,2020-05-18,East Midlands,4183877.0,3705.0,91.04115251809877
650,2020-05-18,London,1693334.0,818.0,74.30325171085411
651,2020-05-18,North East,1098926.0,950.0,89.99692664877249
652,2020-05-18,North West,2059430.0,1901.0,90.4362153466014
653,2020-05-18,South East,1581978.0,1216.0,73.97560076329171
654,2020-05-18,South West,3296209.0,3204.0,88.61354740406196
655,2020-05-18,West Midlands,989669.0,648.0,75.15924661975862
656,2020-05-18,Yorkshire and The Humber,3409388.0,2855.0,88.87496228816336
657,2020-05-25,East,5618381.0,4146.0,76.4855421607471
658,2020-05-25,East Midlands,4183463.0,3350.0,82.28102835625995
659,2020-05-25,London,1693382.0,783.0,69.76246450905072
660,2020-05-25,North East,1098804.0,841.0,80.0361325054105
661,2020-05-25,North West,2059348.0,1680.0,79.8381331230386
662,2020-05-25,South East,1581819.0,1178.0,71.97956460386189
663,2020-05-25,South West,3296164.0,2954.0,81.32323582348194
664,2020-05-25,West Midlands,989523.0,632.0,73.81690236660104
665,2020-05-25,Yorkshire and The Humber,3409083.0,2630.0,81.92533647000731
666,2020-06-01,East,5619031.0,4874.0,89.62062600153297
667,2020-06-01,East Midlands,4183444.0,3849.0,94.23340136661574
668,2020-06-01,London,1693811.0,872.0,77.90442922836623
669,2020-06-01,North East,1098761.0,952.0,90.46823890955606
670,2020-06-01,North West,2059394.0,1923.0,90.5492211067608
671,2020-06-01,South East,1581853.0,1311.0,79.92899854065548
672,2020-06-01,South West,3296440.0,3456.0,94.88230429929378
673,2020-06-01,West Midlands,989478.0,706.0,81.60857951381229
674,2020-06-01,Yorkshire and The Humber,3409030.0,3045.0,94.75678171028855
675,2020-06-08,East,5619656.0,4922.0,90.48885489168748
676,2020-06-08,East Midlands,4183065.0,3915.0,96.07036975860875
677,2020-06-08,London,1693879.0,918.0,82.07963006618905
678,2020-06-08,North East,1098752.0,983.0,92.88027007373604
679,2020-06-08,North West,2059516.0,2014.0,95.26369214047254
680,2020-06-08,South East,1581810.0,1377.0,83.64578392955974
681,2020-06-08,South West,3296683.0,3516.0,97.18161808702345
682,2020-06-08,West Midlands,989459.0,729.0,85.39570779721092
683,2020-06-08,Yorkshire and The Humber,3408957.0,3040.0,94.53494229375374
684,2020-06-15,East,5620376.0,5065.0,93.06536335738313
685,2020-06-15,East Midlands,4182846.0,4066.0,99.67239343978983
686,2020-06-15,London,1694200.0,930.0,84.0776397777177
687,2020-06-15,North East,1098614.0,1041.0,98.65106992002171
688,2020-06-15,North West,2059664.0,2096.0,99.27408116148044
689,2020-06-15,South East,1581628.0,1342.0,81.20245566180081
690,2020-06-15,South West,3296891.0,3542.0,97.52512356475495
691,2020-06-15,West Midlands,989446.0,794.0,92.50644901507684
692,2020-06-15,Yorkshire and The Humber,3409159.0,3046.0,95.01197332034349
693,2020-06-22,East,5621195.0,5305.0,97.76224495016228
694,2020-06-22,East Midlands,4182320.0,4260.0,104.54046241229669
695,2020-06-22,London,1694493.0,1015.0,91.27838559132401
696,2020-06-22,North East,1098626.0,1076.0,102.19808862561914
697,2020-06-22,North West,2059752.0,2148.0,101.87294700281991
698,2020-06-22,South East,1581652.0,1475.0,89.48994510093766
699,2020-06-22,South West,3297094.0,3674.0,101.29509222958939
700,2020-06-22,West Midlands,989324.0,852.0,100.01767192879444
701,2020-06-22,Yorkshire and The Humber,3409173.0,3288.0,102.39449909239832
702,2020-06-29,East,5622109.0,5296.0,97.45270779182783
703,2020-06-29,East Midlands,4181235.0,4142.0,101.62644882534622
704,2020-06-29,London,1694744.0,1004.0,89.62294231821384
705,2020-06-29,North East,1098659.0,1089.0,103.10486107359624
706,2020-06-29,North West,2059942.0,2222.0,105.70728331124819
707,2020-06-29,South East,1581705.0,1400.0,85.07960616281262
708,2020-06-29,South West,3297414.0,3703.0,102.11662594628609
709,2020-06-29,West Midlands,989212.0,828.0,96.73904684750316
710,2020-06-29,Yorkshire and The Humber,3409358.0,3283.0,102.11053588970826
711,2020-07-06,East,5623367.0,5186.0,95.13370445672504
712,2020-07-06,East Midlands,4181387.0,4086.0,100.26732652089005
713,2020-07-06,London,1695037.0,973.0,86.22309854516698
714,2020-07-06,North East,1098613.0,1114.0,105.40919218437814
715,2020-07-06,North West,2060085.0,2188.0,103.48374630036244
716,2020-07-06,South East,1581989.0,1437.0,86.9314760826507
717,2020-07-06,South West,3297892.0,3651.0,100.21518413760114
718,2020-07-06,West Midlands,989306.0,843.0,99.08062293536275
719,2020-07-06,Yorkshire and The Humber,3409516.0,3235.0,100.4847485250296
720,2020-07-13,East,5624049.0,5476.0,100.58470724676069
721,2020-07-13,East Midlands,4181174.0,4371.0,107.03657642279133
722,2020-07-13,London,1695442.0,1035.0,93.2242653715504
723,2020-07-13,North East,1098701.0,1108.0,105.1874704407874
724,2020-07-13,North West,2060236.0,2198.0,103.96561529561174
725,2020-07-13,South East,1581672.0,1553.0,94.35696891971001
726,2020-07-13,South West,3298051.0,3830.0,105.43981848255665
727,2020-07-13,West Midlands,989170.0,893.0,103.889583492104
728,2020-07-13,Yorkshire and The Humber,3409890.0,3432.0,107.02121258185032
729,2020-07-20,East,5624723.0,5574.0,102.55343434019635
730,2020-07-20,East Midlands,4181256.0,4202.0,103.0927074012587
731,2020-07-20,London,1695583.0,1062.0,94.94035574661746
732,2020-07-20,North East,1098726.0,1163.0,109.84721271035303
733,2020-07-20,North West,2062514.0,2155.0,102.12442677416513
734,2020-07-20,South East,1581784.0,1565.0,94.93043684679525
735,2020-07-20,South West,3297933.0,3744.0,102.92280905452304
736,2020-07-20,West Midlands,989115.0,881.0,103.19055032984052
737,2020-07-20,Yorkshire and The Humber,3410216.0,3363.0,104.71268043384673
738,2020-07-27,East,5625768.0,5615.0,102.96733587481556
739,2020-07-27,East Midlands,4181110.0,4278.0,105.01739234665558
740,2020-07-27,London,1695892.0,1030.0,92.04567117380972
741,2020-07-27,North East,1098788.0,1164.0,110.35825448654502
742,2020-07-27,North West,2062853.0,2202.0,103.99895695544348
743,2020-07-27,South East,1581826.0,1521.0,92.41925336452607
744,2020-07-27,South West,3298124.0,3689.0,101.6974624047475
745,2020-07-27,West Midlands,988955.0,897.0,104.27379894001288
746,2020-07-27,Yorkshire and The Humber,3410489.0,3447.0,107.35262989104258
747,2020-08-03,East,5626399.0,5483.0,100.39910209898727
748,2020-08-03,East Midlands,4181405.0,4379.0,107.10055828888925
749,2020-08-03,London,1695769.0,1047.0,93.13950834546421
750,2020-08-03,North East,1098827.0,1194.0,113.37500180171219
751,2020-08-03,North West,2063072.0,2257.0,106.43024561239024
752,2020-08-03,South East,1581864.0,1565.0,94.9549825560645
753,2020-08-03,South West,3298415.0,3748.0,103.06794874506649
754,2020-08-03,West Midlands,988779.0,884.0,102.07958095405981
755,2020-08-03,Yorkshire and The Humber,3410572.0,3430.0,106.53116721764525
756,2020-08-10,East,5627084.0,5616.0,102.98683562841266
757,2020-08-10,East Midlands,4181459.0,4375.0,107.21121351009496
758,2020-08-10,London,1696275.0,1061.0,95.50611832203428
759,2020-08-10,North East,1098846.0,1201.0,113.35688650975646
760,2020-08-10,North West,2063451.0,2230.0,104.99120338619133
761,2020-08-10,South East,1581988.0,1611.0,97.57263144291977
762,2020-08-10,South West,3298852.0,3906.0,107.55149184296043
763,2020-08-10,West Midlands,988771.0,900.0,104.56740377812815
764,2020-08-10,Yorkshire and The Humber,3411041.0,3410.0,105.86024192791655
765,2020-08-17,East,5627258.0,5546.0,101.66209546241404
766,2020-08-17,East Midlands,4181551.0,4544.0,111.27532474526758
767,2020-08-17,London,1696575.0,1098.0,98.37932687768922
768,2020-08-17,North East,1098997.0,1240.0,117.01134174188547
769,2020-08-17,North West,2063763.0,2297.0,108.45250248617437
770,2020-08-17,South East,1581751.0,1609.0,97.67331496823162
771,2020-08-17,South West,3299101.0,3971.0,109.78267382197728
772,2020-08-17,West Midlands,988599.0,840.0,97.31168053568251
773,2020-08-17,Yorkshire and The Humber,3411427.0,3610.0,112.14531673979877
774,2020-08-24,East,5627748.0,5769.0,105.7936945681536
775,2020-08-24,East Midlands,4181558.0,4531.0,110.88746659951592
776,2020-08-24,London,1695824.0,1102.0,98.52449651949672
777,2020-08-24,North East,1099010.0,1203.0,113.86923643040375
778,2020-08-24,North West,2063919.0,2328.0,109.95397474313918
779,2020-08-24,South East,1581419.0,1608.0,97.6203668414858
780,2020-08-24,South West,3299184.0,3899.0,107.37599882477542
781,2020-08-24,West Midlands,988491.0,958.0,112.0386394139275
782,2020-08-24,Yorkshire and The Humber,3411581.0,3604.0,111.83090997881948
783,2020-08-31,East,5629360.0,5512.0,100.98738847911108
784,2020-08-31,East Midlands,4181225.0,4356.0,106.78982514980366
785,2020-08-31,London,1694834.0,1017.0,91.51378823895364
786,2020-08-31,North East,1099056.0,1079.0,102.04206917519876
787,2020-08-31,North West,2063975.0,2294.0,108.076305566254
788,2020-08-31,South East,1581060.0,1408.0,85.47301220783685
789,2020-08-31,South West,3299277.0,3782.0,104.15472819223557
790,2020-08-31,West Midlands,988385.0,851.0,99.75449697694418
791,2020-08-31,Yorkshire and The Humber,3411694.0,3405.0,105.4168511149203
792,2020-09-07,East,5631194.0,6132.0,111.74010292228002
793,2020-09-07,East Midlands,4182207.0,4901.0,119.49345929918833
794,2020-09-07,London,1695103.0,1150.0,100.65349347856952
795,2020-09-07,North East,1099286.0,1328.0,124.83480459731331
796,2020-09-07,North West,2064438.0,2510.0,118.18729929685941
797,2020-09-07,South East,1581228.0,1663.0,101.14572967568924
798,2020-09-07,South West,3300392.0,4248.0,117.52031793654777
799,2020-09-07,West Midlands,988353.0,982.0,112.83727204731088
800,2020-09-07,Yorkshire and The Humber,3412207.0,3716.0,115.2417379718597
801,2020-09-14,East,5631561.0,6274.0,114.44671140407587
802,2020-09-14,East Midlands,4182740.0,5019.0,122.43657871108545
803,2020-09-14,London,1693614.0,1201.0,103.65181358059111
804,2020-09-14,North East,1099309.0,1289.0,121.5803487359681
805,2020-09-14,North West,2064614.0,2438.0,114.66166447928202
806,2020-09-14,South East,1581017.0,1691.0,102.71996631159054
807,2020-09-14,South West,3301121.0,4271.0,118.03808252285458
808,2020-09-14,West Midlands,988096.0,987.0,113.10151928312206
809,2020-09-14,Yorkshire and The Humber,3412367.0,3760.0,116.00776576912435
810,2020-09-21,East,5631956.0,6332.0,115.8481146340507
811,2020-09-21,East Midlands,4183859.0,4928.0,120.47267539844803
812,2020-09-21,London,1695110.0,1142.0,100.5817672378475
813,2020-09-21,North East,1099384.0,1285.0,121.45554888869245
814,2020-09-21,North West,2064707.0,2514.0,118.42961641008951
815,2020-09-21,South East,1581266.0,1717.0,104.26439195110528
816,2020-09-21,South West,3301900.0,4309.0,119.18017589392481
817,2020-09-21,West Midlands,988218.0,957.0,110.3621672274768
818,2020-09-21,Yorkshire and The Humber,3412648.0,3821.0,118.32216002037822
819,2020-09-28,East,5631893.0,6364.0,116.1681877775464
820,2020-09-28,East Midlands,4184641.0,5100.0,124.68921149405634
821,2020-09-28,London,1696589.0,1119.0,99.25537475613086
822,2020-09-28,North East,1100141.0,1368.0,128.8925198613245
823,2020-09-28,North West,2064528.0,2467.0,116.57645940301224
824,2020-09-28,South East,1580989.0,1805.0,109.17233128692494
825,2020-09-28,South West,3302153.0,4371.0,120.32137315362247
826,2020-09-28,West Midlands,988063.0,934.0,108.38541351588785
827,2020-09-28,Yorkshire and The Humber,3412289.0,3857.0,119.35572717488293
828,2020-10-05,East,5633016.0,6462.0,117.76165296806698
829,2020-10-05,East Midlands,4188810.0,4932.0,120.19848692829508
830,2020-10-05,London,1698502.0,1284.0,111.25447701673022
831,2020-10-05,North East,1100257.0,1222.0,115.4755167383533
832,2020-10-05,North West,2064801.0,2567.0,120.69024900660531
833,2020-10-05,South East,1581343.0,1796.0,108.96400631644592
834,2020-10-05,South West,3302589.0,4491.0,123.2663239654964
835,2020-10-05,West Midlands,988107.0,978.0,113.881226849446
836,2020-10-05,Yorkshire and The Humber,3412405.0,3798.0,117.43622121781567
837,2020-10-12,East,5634132.0,6560.0,119.69833985374538
838,2020-10-12,East Midlands,4189171.0,4988.0,121.64316641821539
839,2020-10-12,London,1699663.0,1274.0,110.10838839309673
840,2020-10-12,North East,1100383.0,1250.0,117.69328865180981
841,2020-10-12,North West,2065387.0,2512.0,118.28011299669569
842,2020-10-12,South East,1581868.0,1749.0,105.57820762709939
843,2020-10-12,South West,3303043.0,4232.0,116.26107856850346
844,2020-10-12,West Midlands,988087.0,913.0,105.22761277738493
845,2020-10-12,Yorkshire and The Humber,3412645.0,3933.0,121.54571138426253
846,2020-10-19,East,5635654.0,6473.0,118.15633012202306
847,2020-10-19,East Midlands,4189925.0,4939.0,120.48382485929801
848,2020-10-19,London,1700662.0,1245.0,108.9813456553404
849,2020-10-19,North East,1100343.0,1252.0,118.18642835972857
850,2020-10-19,North West,2067107.0,2430.0,114.41342349994129
851,2020-10-19,South East,1582119.0,1771.0,107.66619210688296
852,2020-10-19,South West,3303537.0,4295.0,117.82335735788989
853,2020-10-19,West Midlands,988127.0,908.0,104.70905724192473
854,2020-10-19,Yorkshire and The Humber,3412867.0,3891.0,120.44819411448228
855,2020-10-26,East,5637518.0,6287.0,114.72132063095238
856,2020-10-26,East Midlands,4190466.0,4761.0,116.14906821864929
857,2020-10-26,London,1701857.0,1200.0,105.9828744845531
858,2020-10-26,North East,1100408.0,1162.0,109.9416916734772
859,2020-10-26,North West,2067176.0,2299.0,108.34366701432285
860,2020-10-26,South East,1582490.0,1720.0,104.81709820170718
861,2020-10-26,South West,3304204.0,4068.0,112.10323521352389
862,2020-10-26,West Midlands,988222.0,723.0,83.51360521401276
863,2020-10-26,Yorkshire and The Humber,3412987.0,3608.0,111.68450226281801
864,2020-11-02,East,5638509.0,6331.0,115.49858505389041
865,2020-11-02,East Midlands,4191394.0,4781.0,116.31854659503453
866,2020-11-02,London,1702909.0,1250.0,107.68698781888298
867,2020-11-02,North East,1100456.0,1210.0,113.88231563932769
868,2020-11-02,North West,2067245.0,2380.0,111.69104434299891
869,2020-11-02,South East,1582701.0,1780.0,107.69163134149642
870,2020-11-02,South West,3304603.0,4196.0,115.21913585146932
871,2020-11-02,West Midlands,988342.0,732.0,84.10731739861332
872,2020-11-02,Yorkshire and The Humber,3413469.0,3684.0,113.77797359001974
873,2020-11-09,East,5639852.0,6290.0,114.85681502266758
874,2020-11-09,East Midlands,4192199.0,4896.0,119.26460868531852
875,2020-11-09,London,1703694.0,1310.0,114.08886130141484
876,2020-11-09,North East,1100546.0,1262.0,119.24045411001636
877,2020-11-09,North West,2067347.0,2387.0,112.25470090676662
878,2020-11-09,South East,1582609.0,1724.0,104.66386796819819
879,2020-11-09,South West,3305219.0,4327.0,118.80033141263296
880,2020-11-09,West Midlands,988522.0,693.0,79.85760393009697
881,2020-11-09,Yorkshire and The Humber,3413914.0,3558.0,109.77701387361927
882,2020-11-16,East,5640996.0,6274.0,114.3011824022113
883,2020-11-16,East Midlands,4192819.0,4750.0,115.6408993897887
884,2020-11-16,London,1704547.0,1235.0,108.92593504040748
885,2020-11-16,North East,1100532.0,1187.0,111.53917210155821
886,2020-11-16,North West,2067467.0,2465.0,115.62169495661232
887,2020-11-16,South East,1582975.0,1713.0,104.03242593380844
888,2020-11-16,South West,3305983.0,4183.0,115.07851323693649
889,2020-11-16,West Midlands,988594.0,747.0,86.23328717927548
890,2020-11-16,Yorkshire and The Humber,3413987.0,3531.0,109.10605607989382
891,2020-11-23,East,5642277.0,6214.0,113.47770548936775
892,2020-11-23,East Midlands,4193289.0,4737.0,115.38904163711898
893,2020-11-23,London,1705246.0,1273.0,110.90499951357366
894,2020-11-23,North East,1100535.0,1196.0,112.44851933200187
895,2020-11-23,North West,2067286.0,2449.0,114.80016243596538
896,2020-11-23,South East,1583039.0,1792.0,108.53264028862824
897,2020-11-23,South West,3306740.0,4276.0,117.53454542154537
898,2020-11-23,West Midlands,988509.0,688.0,79.22948108738899
899,2020-11-23,Yorkshire and The Humber,3414161.0,3621.0,111.90071698938753
900,2020-11-30,East,5643533.0,6249.0,113.95893468431078
901,2020-11-30,East Midlands,4193511.0,4917.0,119.95002257320814
902,2020-11-30,London,1705500.0,1362.0,119.63073654502347
903,2020-11-30,North East,1100535.0,1294.0,122.00677374810137
904,2020-11-30,North West,2067296.0,2443.0,115.09177835976685
905,2020-11-30,South East,1583349.0,1836.0,111.01103956319197
906,2020-11-30,South West,3307391.0,4391.0,120.66369136911685
907,2020-11-30,West Midlands,988343.0,845.0,97.61537637561565
908,2020-11-30,Yorkshire and The Humber,3414221.0,3797.0,117.79736306369854
909,2020-12-07,East,5643749.0,6303.0,114.83653693979323
910,2020-12-07,East Midlands,4194102.0,4885.0,118.94888041604754
911,2020-12-07,London,1706034.0,1289.0,113.59525191607437
912,2020-12-07,North East,1100583.0,1293.0,121.87266376005358
913,2020-12-07,North West,2067561.0,2623.0,123.13501383682593
914,2020-12-07,South East,1583642.0,1852.0,112.19522754845696
915,2020-12-07,South West,3307876.0,4421.0,121.08285657070897
916,2020-12-07,West Midlands,988370.0,820.0,95.6003436260592
917,2020-12-07,Yorkshire and The Humber,3414516.0,3814.0,117.98500599754462
918,2020-12-14,East,5644527.0,6106.0,111.31702334512025
919,2020-12-14,East Midlands,4194741.0,4871.0,118.58274317999711
920,2020-12-14,London,1706984.0,1336.0,117.53914180319192
921,2020-12-14,North East,1100467.0,1281.0,120.4629810928042
922,2020-12-14,North West,2067623.0,2561.0,120.19163655284486
923,2020-12-14,South East,1584037.0,1804.0,109.58080338913928
924,2020-12-14,South West,3308190.0,4208.0,115.6350614201831
925,2020-12-14,West Midlands,988254.0,801.0,92.8606211834457
926,2020-12-14,Yorkshire and The Humber,3414690.0,3739.0,115.88140205908725
927,2020-12-21,East,5645112.0,4543.0,82.99624423223862
928,2020-12-21,East Midlands,4195259.0,3864.0,94.14814778896547
929,2020-12-21,London,1708000.0,910.0,80.3613325399281
930,2020-12-21,North East,1100444.0,981.0,92.68178218400125
931,2020-12-21,North West,2067835.0,1929.0,90.9038806831464
932,2020-12-21,South East,1584116.0,1322.0,79.69752739560984
933,2020-12-21,South West,3309072.0,3080.0,84.26379615872027
934,2020-12-21,West Midlands,988263.0,563.0,64.75952856674849
935,2020-12-21,Yorkshire and The Humber,3414986.0,2973.0,92.09827734699134
936,2020-12-28,East,5645398.0,4024.0,73.49049198797462
937,2020-12-28,East Midlands,4195372.0,3406.0,83.14699810370578
938,2020-12-28,London,1708452.0,712.0,63.431830972195236
939,2020-12-28,North East,1100330.0,909.0,85.85666046838138
940,2020-12-28,North West,2067730.0,1809.0,85.17424049204219
941,2020-12-28,South East,1584136.0,1111.0,67.42786629442462
942,2020-12-28,South West,3309353.0,3088.0,84.75020416199882
943,2020-12-28,West Midlands,988327.0,538.0,62.55188816268806
944,2020-12-28,Yorkshire and The Humber,3414976.0,2848.0,88.36168650314451
