,date,region,CVD,population,"European Standard population rate per 100,000"
0,2018-12-31,East,1498.0,5515055.0,28.240000000000002
1,2018-12-31,East Midlands,1081.0,4122225.0,27.369999999999997
2,2018-12-31,London,284.0,1606708.0,28.150000000000002
3,2018-12-31,North East,272.0,1091856.0,26.5
4,2018-12-31,North West,570.0,2048923.0,27.735
5,2018-12-31,South East,401.0,1567094.0,24.360000000000003
6,2018-12-31,South West,915.0,3232506.0,25.46
7,2018-12-31,West Midlands,259.0,985075.0,30.855000000000004
8,2018-12-31,Yorkshire and The Humber,867.0,3383334.0,27.65
9,2019-01-07,East,1880.0,5517160.0,35.305
10,2019-01-07,East Midlands,1330.0,4122794.0,33.550000000000004
11,2019-01-07,London,372.0,1608044.0,37.085
12,2019-01-07,North East,362.0,1091984.0,34.72
13,2019-01-07,North West,673.0,2049164.0,32.445
14,2019-01-07,South East,456.0,1567011.0,27.685000000000002
15,2019-01-07,South West,1197.0,3233017.0,33.065
16,2019-01-07,West Midlands,289.0,985301.0,34.055
17,2019-01-07,Yorkshire and The Humber,1026.0,3383753.0,32.580000000000005
18,2019-01-14,East,1793.0,5518827.0,33.79
19,2019-01-14,East Midlands,1326.0,4123766.0,33.505
20,2019-01-14,London,370.0,1609766.0,36.975
21,2019-01-14,North East,342.0,1092155.0,33.175
22,2019-01-14,North West,647.0,2049685.0,31.759999999999998
23,2019-01-14,South East,464.0,1567104.0,28.23
24,2019-01-14,South West,1079.0,3234147.0,30.140000000000008
25,2019-01-14,West Midlands,296.0,985704.0,35.150000000000006
26,2019-01-14,Yorkshire and The Humber,1057.0,3384413.0,33.575
27,2019-01-21,East,1786.0,5520340.0,33.800000000000004
28,2019-01-21,East Midlands,1340.0,4124869.0,33.875
29,2019-01-21,London,375.0,1611443.0,37.220000000000006
30,2019-01-21,North East,371.0,1092293.0,35.885
31,2019-01-21,North West,738.0,2050003.0,36.02
32,2019-01-21,South East,465.0,1567258.0,28.675000000000004
33,2019-01-21,South West,1206.0,3235271.0,33.51
34,2019-01-21,West Midlands,293.0,985896.0,34.57
35,2019-01-21,Yorkshire and The Humber,1118.0,3384959.0,35.725
36,2019-01-28,East,1834.0,5522002.0,34.44
37,2019-01-28,East Midlands,1288.0,4125954.0,32.615
38,2019-01-28,London,361.0,1612668.0,36.21
39,2019-01-28,North East,356.0,1092347.0,34.275
40,2019-01-28,North West,721.0,2050330.0,34.6
41,2019-01-28,South East,461.0,1567638.0,28.330000000000002
42,2019-01-28,South West,1092.0,3237579.0,30.3
43,2019-01-28,West Midlands,288.0,986094.0,34.31
44,2019-01-28,Yorkshire and The Humber,986.0,3385619.0,31.399999999999995
45,2019-02-04,East,1786.0,5523410.0,33.36
46,2019-02-04,East Midlands,1320.0,4127314.0,33.19
47,2019-02-04,London,381.0,1614441.0,37.625
48,2019-02-04,North East,346.0,1092482.0,33.6
49,2019-02-04,North West,692.0,2050678.0,33.160000000000004
50,2019-02-04,South East,472.0,1568125.0,28.955000000000002
51,2019-02-04,South West,1128.0,3238714.0,31.24
52,2019-02-04,West Midlands,328.0,986522.0,38.735
53,2019-02-04,Yorkshire and The Humber,1041.0,3386129.0,33.214999999999996
54,2019-02-11,East,1823.0,5524457.0,34.29
55,2019-02-11,East Midlands,1323.0,4128080.0,33.41
56,2019-02-11,London,353.0,1615701.0,34.97
57,2019-02-11,North East,369.0,1092598.0,35.5
58,2019-02-11,North West,706.0,2050966.0,34.18000000000001
59,2019-02-11,South East,467.0,1568338.0,28.825
60,2019-02-11,South West,1133.0,3239613.0,31.365000000000002
61,2019-02-11,West Midlands,295.0,986703.0,35.355000000000004
62,2019-02-11,Yorkshire and The Humber,1076.0,3386559.0,34.275000000000006
63,2019-02-18,East,1733.0,5525617.0,32.690000000000005
64,2019-02-18,East Midlands,1207.0,4128999.0,30.555
65,2019-02-18,London,350.0,1617063.0,35.449999999999996
66,2019-02-18,North East,315.0,1092806.0,30.355
67,2019-02-18,North West,654.0,2051210.0,31.450000000000003
68,2019-02-18,South East,477.0,1568466.0,29.250000000000004
69,2019-02-18,South West,1064.0,3240767.0,29.465
70,2019-02-18,West Midlands,287.0,987132.0,34.275000000000006
71,2019-02-18,Yorkshire and The Humber,1010.0,3386772.0,32.175000000000004
72,2019-02-25,East,1759.0,5527048.0,33.275
73,2019-02-25,East Midlands,1306.0,4129895.0,32.82
74,2019-02-25,London,363.0,1618130.0,35.56499999999999
75,2019-02-25,North East,393.0,1092811.0,37.970000000000006
76,2019-02-25,North West,656.0,2051466.0,31.709999999999997
77,2019-02-25,South East,479.0,1568781.0,29.284999999999997
78,2019-02-25,South West,1127.0,3242207.0,31.325
79,2019-02-25,West Midlands,303.0,987239.0,35.945
80,2019-02-25,Yorkshire and The Humber,1031.0,3387213.0,32.9
81,2019-03-04,East,1840.0,5528037.0,34.42
82,2019-03-04,East Midlands,1331.0,4130695.0,33.515
83,2019-03-04,London,394.0,1618965.0,37.650000000000006
84,2019-03-04,North East,381.0,1092816.0,36.58
85,2019-03-04,North West,761.0,2052089.0,36.56
86,2019-03-04,South East,484.0,1568821.0,29.57
87,2019-03-04,South West,1211.0,3243060.0,33.485
88,2019-03-04,West Midlands,321.0,987296.0,38.135000000000005
89,2019-03-04,Yorkshire and The Humber,1084.0,3387521.0,34.345
90,2019-03-11,East,1859.0,5529554.0,34.89
91,2019-03-11,East Midlands,1311.0,4131749.0,32.894999999999996
92,2019-03-11,London,384.0,1620608.0,37.980000000000004
93,2019-03-11,North East,368.0,1092868.0,35.565
94,2019-03-11,North West,689.0,2052402.0,32.825
95,2019-03-11,South East,492.0,1568803.0,29.855
96,2019-03-11,South West,1083.0,3245066.0,29.96
97,2019-03-11,West Midlands,326.0,987378.0,38.19
98,2019-03-11,Yorkshire and The Humber,1081.0,3387773.0,34.53
99,2019-03-18,East,1756.0,5530742.0,33.09499999999999
100,2019-03-18,East Midlands,1355.0,4132277.0,34.07
101,2019-03-18,London,348.0,1621753.0,34.73
102,2019-03-18,North East,350.0,1092870.0,33.964999999999996
103,2019-03-18,North West,672.0,2052523.0,32.335
104,2019-03-18,South East,477.0,1569055.0,29.195
105,2019-03-18,South West,1184.0,3245734.0,32.84
106,2019-03-18,West Midlands,308.0,987417.0,36.29
107,2019-03-18,Yorkshire and The Humber,1066.0,3388238.0,33.900000000000006
108,2019-03-25,East,1799.0,5531949.0,33.725
109,2019-03-25,East Midlands,1254.0,4133178.0,31.575000000000006
110,2019-03-25,London,351.0,1622928.0,33.885000000000005
111,2019-03-25,North East,338.0,1092992.0,32.56
112,2019-03-25,North West,635.0,2052640.0,30.610000000000003
113,2019-03-25,South East,475.0,1569363.0,29.045
114,2019-03-25,South West,1096.0,3250433.0,30.195
115,2019-03-25,West Midlands,337.0,987382.0,40.245
116,2019-03-25,Yorkshire and The Humber,1062.0,3388717.0,33.84
117,2019-04-01,East,1874.0,5531706.0,35.08500000000001
118,2019-04-01,East Midlands,1330.0,4132737.0,33.435
119,2019-04-01,London,343.0,1622869.0,32.805
120,2019-04-01,North East,359.0,1092879.0,34.239999999999995
121,2019-04-01,North West,730.0,2052430.0,34.94500000000001
122,2019-04-01,South East,497.0,1569027.0,30.239999999999995
123,2019-04-01,South West,1184.0,3250336.0,32.64
124,2019-04-01,West Midlands,296.0,987171.0,34.835
125,2019-04-01,Yorkshire and The Humber,1102.0,3388253.0,34.92
126,2019-04-08,East,1728.0,5534458.0,32.38
127,2019-04-08,East Midlands,1301.0,4134819.0,32.655
128,2019-04-08,London,336.0,1624707.0,33.6
129,2019-04-08,North East,385.0,1093385.0,37.165
130,2019-04-08,North West,674.0,2053094.0,32.405
131,2019-04-08,South East,448.0,1569686.0,27.395000000000007
132,2019-04-08,South West,1128.0,3252159.0,31.11
133,2019-04-08,West Midlands,316.0,987544.0,37.025
134,2019-04-08,Yorkshire and The Humber,1073.0,3389747.0,34.11
135,2019-04-15,East,1552.0,5535118.0,29.065000000000005
136,2019-04-15,East Midlands,1201.0,4135321.0,30.015
137,2019-04-15,London,303.0,1625870.0,30.995
138,2019-04-15,North East,335.0,1093399.0,32.54
139,2019-04-15,North West,644.0,2053153.0,31.014999999999997
140,2019-04-15,South East,427.0,1569837.0,25.6
141,2019-04-15,South West,974.0,3252794.0,26.900000000000002
142,2019-04-15,West Midlands,277.0,987540.0,32.89
143,2019-04-15,Yorkshire and The Humber,972.0,3390149.0,30.835
144,2019-04-22,East,1648.0,5535733.0,30.865
145,2019-04-22,East Midlands,1262.0,4135672.0,31.64
146,2019-04-22,London,358.0,1626324.0,34.875
147,2019-04-22,North East,337.0,1093374.0,32.64
148,2019-04-22,North West,661.0,2053356.0,31.709999999999997
149,2019-04-22,South East,435.0,1569829.0,26.525
150,2019-04-22,South West,1078.0,3253168.0,29.81
151,2019-04-22,West Midlands,276.0,987517.0,33.035000000000004
152,2019-04-22,Yorkshire and The Humber,969.0,3390414.0,30.935000000000002
153,2019-04-29,East,1815.0,5536864.0,34.13
154,2019-04-29,East Midlands,1334.0,4136444.0,33.52
155,2019-04-29,London,357.0,1627667.0,35.075
156,2019-04-29,North East,372.0,1093436.0,35.75
157,2019-04-29,North West,681.0,2053449.0,32.779999999999994
158,2019-04-29,South East,480.0,1569971.0,29.375
159,2019-04-29,South West,1171.0,3254124.0,32.4
160,2019-04-29,West Midlands,311.0,987475.0,36.870000000000005
161,2019-04-29,Yorkshire and The Humber,1037.0,3390863.0,32.94
162,2019-05-06,East,1696.0,5537703.0,31.645
163,2019-05-06,East Midlands,1273.0,4136993.0,31.905000000000005
164,2019-05-06,London,341.0,1628730.0,33.74
165,2019-05-06,North East,364.0,1093463.0,35.025
166,2019-05-06,North West,644.0,2053638.0,30.895
167,2019-05-06,South East,422.0,1570096.0,25.455
168,2019-05-06,South West,1128.0,3254923.0,30.89
169,2019-05-06,West Midlands,298.0,987470.0,35.32000000000001
170,2019-05-06,Yorkshire and The Humber,978.0,3391154.0,31.050000000000004
171,2019-05-13,East,1892.0,5539335.0,35.42999999999999
172,2019-05-13,East Midlands,1388.0,4137732.0,34.705
173,2019-05-13,London,361.0,1630029.0,36.215
174,2019-05-13,North East,397.0,1093555.0,38.32
175,2019-05-13,North West,697.0,2053847.0,33.315
176,2019-05-13,South East,516.0,1570646.0,31.220000000000002
177,2019-05-13,South West,1171.0,3255966.0,32.295
178,2019-05-13,West Midlands,324.0,987619.0,38.185
179,2019-05-13,Yorkshire and The Humber,1104.0,3391798.0,35.045
180,2019-05-20,East,1750.0,5540840.0,32.765
181,2019-05-20,East Midlands,1358.0,4138750.0,33.934999999999995
182,2019-05-20,London,368.0,1631418.0,36.85
183,2019-05-20,North East,341.0,1093660.0,32.940000000000005
184,2019-05-20,North West,675.0,2054043.0,32.335
185,2019-05-20,South East,464.0,1570882.0,28.205
186,2019-05-20,South West,1188.0,3257558.0,32.684999999999995
187,2019-05-20,West Midlands,344.0,987710.0,40.93500000000001
188,2019-05-20,Yorkshire and The Humber,1046.0,3392283.0,33.14
189,2019-05-27,East,1566.0,5541849.0,29.375
190,2019-05-27,East Midlands,1132.0,4139350.0,28.375000000000004
191,2019-05-27,London,283.0,1632632.0,27.820000000000004
192,2019-05-27,North East,338.0,1093649.0,32.24
193,2019-05-27,North West,619.0,2054187.0,29.755000000000003
194,2019-05-27,South East,458.0,1570995.0,27.740000000000002
195,2019-05-27,South West,1019.0,3258551.0,27.84
196,2019-05-27,West Midlands,263.0,987711.0,30.990000000000006
197,2019-05-27,Yorkshire and The Humber,934.0,3392632.0,29.78
198,2019-06-03,East,1781.0,5543220.0,33.375
199,2019-06-03,East Midlands,1306.0,4139831.0,32.515
200,2019-06-03,London,358.0,1634127.0,34.535000000000004
201,2019-06-03,North East,373.0,1093789.0,35.58
202,2019-06-03,North West,693.0,2054251.0,33.27
203,2019-06-03,South East,471.0,1571304.0,28.35
204,2019-06-03,South West,1165.0,3260449.0,31.845
205,2019-06-03,West Midlands,327.0,987788.0,38.805
206,2019-06-03,Yorkshire and The Humber,1102.0,3393095.0,35.01500000000001
207,2019-06-10,East,1861.0,5544920.0,34.59
208,2019-06-10,East Midlands,1387.0,4141048.0,34.535000000000004
209,2019-06-10,London,383.0,1635493.0,35.949999999999996
210,2019-06-10,North East,390.0,1093886.0,37.35499999999999
211,2019-06-10,North West,699.0,2054699.0,33.220000000000006
212,2019-06-10,South East,463.0,1571735.0,27.885
213,2019-06-10,South West,1147.0,3262215.0,31.435000000000002
214,2019-06-10,West Midlands,319.0,987840.0,37.980000000000004
215,2019-06-10,Yorkshire and The Humber,1080.0,3393833.0,34.06
216,2019-06-17,East,1849.0,5546988.0,34.345
217,2019-06-17,East Midlands,1310.0,4142373.0,32.684999999999995
218,2019-06-17,London,334.0,1636811.0,32.050000000000004
219,2019-06-17,North East,365.0,1093904.0,34.949999999999996
220,2019-06-17,North West,707.0,2054940.0,33.935
221,2019-06-17,South East,494.0,1571910.0,29.945
222,2019-06-17,South West,1172.0,3262832.0,32.11500000000001
223,2019-06-17,West Midlands,323.0,988005.0,38.585
224,2019-06-17,Yorkshire and The Humber,1049.0,3394616.0,33.17
225,2019-06-24,East,1812.0,5549063.0,33.870000000000005
226,2019-06-24,East Midlands,1317.0,4143437.0,32.84
227,2019-06-24,London,362.0,1638379.0,35.555
228,2019-06-24,North East,366.0,1094054.0,34.754999999999995
229,2019-06-24,North West,703.0,2055282.0,33.645
230,2019-06-24,South East,473.0,1573107.0,28.695
231,2019-06-24,South West,1177.0,3263551.0,32.394999999999996
232,2019-06-24,West Midlands,334.0,988151.0,39.75
233,2019-06-24,Yorkshire and The Humber,1082.0,3395141.0,34.25
234,2019-07-01,East,1719.0,5550169.0,32.0
235,2019-07-01,East Midlands,1338.0,4143445.0,33.160000000000004
236,2019-07-01,London,336.0,1639023.0,33.03
237,2019-07-01,North East,388.0,1093893.0,37.040000000000006
238,2019-07-01,North West,706.0,2055062.0,33.78
239,2019-07-01,South East,518.0,1572953.0,31.355
240,2019-07-01,South West,1136.0,3263498.0,31.230000000000004
241,2019-07-01,West Midlands,312.0,987987.0,36.875
242,2019-07-01,Yorkshire and The Humber,946.0,3395014.0,29.925000000000004
243,2019-07-08,East,1827.0,5554109.0,34.005
244,2019-07-08,East Midlands,1277.0,4145630.0,31.865
245,2019-07-08,London,370.0,1641100.0,35.25000000000001
246,2019-07-08,North East,354.0,1094385.0,33.92
247,2019-07-08,North West,657.0,2055905.0,31.275
248,2019-07-08,South East,470.0,1573643.0,28.384999999999994
249,2019-07-08,South West,1071.0,3265219.0,29.17
250,2019-07-08,West Midlands,285.0,988353.0,33.375
251,2019-07-08,Yorkshire and The Humber,954.0,3396342.0,30.125
252,2019-07-15,East,1787.0,5555798.0,33.395
253,2019-07-15,East Midlands,1371.0,4146019.0,34.23499999999999
254,2019-07-15,London,367.0,1642143.0,35.220000000000006
255,2019-07-15,North East,364.0,1094481.0,34.985
256,2019-07-15,North West,649.0,2056205.0,31.120000000000005
257,2019-07-15,South East,464.0,1573512.0,28.175000000000004
258,2019-07-15,South West,1137.0,3265925.0,31.095
259,2019-07-15,West Midlands,306.0,988523.0,36.06
260,2019-07-15,Yorkshire and The Humber,939.0,3396452.0,29.785000000000004
261,2019-07-22,East,1795.0,5558020.0,33.455
262,2019-07-22,East Midlands,1242.0,4146768.0,31.020000000000003
263,2019-07-22,London,368.0,1643701.0,35.425000000000004
264,2019-07-22,North East,353.0,1094709.0,33.839999999999996
265,2019-07-22,North West,674.0,2056532.0,32.38
266,2019-07-22,South East,474.0,1573656.0,28.830000000000005
267,2019-07-22,South West,1111.0,3266633.0,30.445000000000004
268,2019-07-22,West Midlands,294.0,988590.0,35.07
269,2019-07-22,Yorkshire and The Humber,968.0,3397037.0,30.850000000000005
270,2019-07-29,East,1691.0,5559742.0,31.56
271,2019-07-29,East Midlands,1240.0,4147597.0,30.880000000000003
272,2019-07-29,London,338.0,1645147.0,33.275
273,2019-07-29,North East,378.0,1094909.0,36.224999999999994
274,2019-07-29,North West,595.0,2056700.0,28.525000000000006
275,2019-07-29,South East,474.0,1573816.0,28.76
276,2019-07-29,South West,1124.0,3267328.0,30.775
277,2019-07-29,West Midlands,296.0,988631.0,34.865
278,2019-07-29,Yorkshire and The Humber,1014.0,3397684.0,32.095
279,2019-08-05,East,1703.0,5561522.0,31.645000000000003
280,2019-08-05,East Midlands,1258.0,4148457.0,31.459999999999997
281,2019-08-05,London,342.0,1646526.0,33.895
282,2019-08-05,North East,359.0,1094929.0,34.28000000000001
283,2019-08-05,North West,627.0,2056784.0,29.950000000000003
284,2019-08-05,South East,489.0,1573830.0,29.634999999999998
285,2019-08-05,South West,1103.0,3267867.0,30.005
286,2019-08-05,West Midlands,302.0,988541.0,35.875
287,2019-08-05,Yorkshire and The Humber,976.0,3398313.0,30.729999999999997
288,2019-08-12,East,1701.0,5563127.0,31.725
289,2019-08-12,East Midlands,1283.0,4149607.0,31.839999999999996
290,2019-08-12,London,356.0,1647413.0,35.05
291,2019-08-12,North East,349.0,1094961.0,33.63
292,2019-08-12,North West,641.0,2057140.0,30.744999999999997
293,2019-08-12,South East,447.0,1574087.0,26.885000000000005
294,2019-08-12,South West,1131.0,3268999.0,30.790000000000003
295,2019-08-12,West Midlands,306.0,988620.0,36.105000000000004
296,2019-08-12,Yorkshire and The Humber,912.0,3399073.0,28.815000000000005
297,2019-08-19,East,1693.0,5565046.0,31.500000000000004
298,2019-08-19,East Midlands,1142.0,4150656.0,28.380000000000003
299,2019-08-19,London,330.0,1648878.0,32.68
300,2019-08-19,North East,348.0,1095075.0,33.625
301,2019-08-19,North West,622.0,2057606.0,29.805000000000007
302,2019-08-19,South East,451.0,1574373.0,27.169999999999998
303,2019-08-19,South West,1121.0,3269961.0,30.54
304,2019-08-19,West Midlands,282.0,988575.0,33.68000000000001
305,2019-08-19,Yorkshire and The Humber,1018.0,3399690.0,32.04
306,2019-08-26,East,1539.0,5566124.0,28.565
307,2019-08-26,East Midlands,1149.0,4151392.0,28.595
308,2019-08-26,London,317.0,1649908.0,31.465
309,2019-08-26,North East,330.0,1095214.0,31.36
310,2019-08-26,North West,559.0,2057692.0,26.825000000000003
311,2019-08-26,South East,408.0,1574311.0,24.725000000000005
312,2019-08-26,South West,1072.0,3270789.0,29.354999999999997
313,2019-08-26,West Midlands,271.0,988416.0,31.955000000000002
314,2019-08-26,Yorkshire and The Humber,912.0,3399558.0,28.880000000000003
315,2019-09-02,East,1681.0,5567841.0,31.164999999999996
316,2019-09-02,East Midlands,1352.0,4152798.0,33.62
317,2019-09-02,London,330.0,1651515.0,31.615
318,2019-09-02,North East,357.0,1095362.0,34.145
319,2019-09-02,North West,645.0,2058060.0,30.709999999999997
320,2019-09-02,South East,484.0,1574552.0,29.090000000000003
321,2019-09-02,South West,1099.0,3272274.0,29.964999999999996
322,2019-09-02,West Midlands,286.0,988430.0,33.235
323,2019-09-02,Yorkshire and The Humber,956.0,3400569.0,30.155
324,2019-09-09,East,1813.0,5569760.0,33.51
325,2019-09-09,East Midlands,1239.0,4153985.0,30.885000000000005
326,2019-09-09,London,329.0,1653300.0,31.51
327,2019-09-09,North East,381.0,1096182.0,36.1
328,2019-09-09,North West,698.0,2058419.0,33.3
329,2019-09-09,South East,493.0,1574523.0,29.764999999999997
330,2019-09-09,South West,1146.0,3273499.0,31.215000000000003
331,2019-09-09,West Midlands,306.0,988593.0,36.275
332,2019-09-09,Yorkshire and The Humber,1026.0,3401308.0,32.330000000000005
333,2019-09-16,East,1760.0,5570857.0,32.69
334,2019-09-16,East Midlands,1272.0,4155654.0,31.560000000000002
335,2019-09-16,London,357.0,1655014.0,34.4
336,2019-09-16,North East,350.0,1096371.0,33.305
337,2019-09-16,North West,729.0,2058765.0,34.830000000000005
338,2019-09-16,South East,463.0,1575599.0,27.805
339,2019-09-16,South West,1145.0,3275408.0,31.135
340,2019-09-16,West Midlands,321.0,988551.0,37.72500000000001
341,2019-09-16,Yorkshire and The Humber,1010.0,3402488.0,31.735000000000003
342,2019-09-23,East,1804.0,5571147.0,33.515
343,2019-09-23,East Midlands,1347.0,4159524.0,33.445
344,2019-09-23,London,415.0,1656825.0,39.28
345,2019-09-23,North East,383.0,1097452.0,36.73500000000001
346,2019-09-23,North West,678.0,2058976.0,32.555
347,2019-09-23,South East,484.0,1576657.0,29.025000000000002
348,2019-09-23,South West,1217.0,3276302.0,32.985
349,2019-09-23,West Midlands,298.0,988691.0,35.19500000000001
350,2019-09-23,Yorkshire and The Humber,1013.0,3403050.0,31.915
351,2019-09-30,East,1911.0,5569743.0,35.44500000000001
352,2019-09-30,East Midlands,1339.0,4162264.0,33.385
353,2019-09-30,London,373.0,1658917.0,35.55500000000001
354,2019-09-30,North East,363.0,1098002.0,34.725
355,2019-09-30,North West,721.0,2058332.0,34.52
356,2019-09-30,South East,489.0,1577529.0,29.37
357,2019-09-30,South West,1131.0,3276296.0,30.875000000000004
358,2019-09-30,West Midlands,332.0,988892.0,39.03
359,2019-09-30,Yorkshire and The Humber,1022.0,3401974.0,32.215
360,2019-10-07,East,1799.0,5573387.0,33.285
361,2019-10-07,East Midlands,1360.0,4163877.0,33.565000000000005
362,2019-10-07,London,380.0,1661692.0,36.39000000000001
363,2019-10-07,North East,383.0,1098101.0,36.07
364,2019-10-07,North West,675.0,2058681.0,32.06
365,2019-10-07,South East,531.0,1578094.0,31.675
366,2019-10-07,South West,1127.0,3277902.0,30.700000000000003
367,2019-10-07,West Midlands,289.0,989169.0,34.224999999999994
368,2019-10-07,Yorkshire and The Humber,1074.0,3402367.0,33.589999999999996
369,2019-10-14,East,1839.0,5575642.0,34.055
370,2019-10-14,East Midlands,1303.0,4165547.0,32.44500000000001
371,2019-10-14,London,368.0,1664176.0,34.894999999999996
372,2019-10-14,North East,379.0,1098253.0,35.93500000000001
373,2019-10-14,North West,716.0,2058881.0,34.22
374,2019-10-14,South East,498.0,1578520.0,29.735
375,2019-10-14,South West,1251.0,3278753.0,34.015
376,2019-10-14,West Midlands,313.0,989516.0,36.975
377,2019-10-14,Yorkshire and The Humber,1073.0,3402722.0,33.8
378,2019-10-21,East,1708.0,5578094.0,31.775
379,2019-10-21,East Midlands,1300.0,4167318.0,32.24
380,2019-10-21,London,350.0,1666687.0,33.43
381,2019-10-21,North East,375.0,1098443.0,35.835
382,2019-10-21,North West,699.0,2058903.0,33.394999999999996
383,2019-10-21,South East,507.0,1579052.0,30.38
384,2019-10-21,South West,1185.0,3279646.0,32.365
385,2019-10-21,West Midlands,280.0,989717.0,32.42
386,2019-10-21,Yorkshire and The Humber,1027.0,3403187.0,32.375
387,2019-10-28,East,1841.0,5580668.0,33.975
388,2019-10-28,East Midlands,1262.0,4169340.0,31.345000000000002
389,2019-10-28,London,369.0,1669317.0,35.925
390,2019-10-28,North East,357.0,1098547.0,34.06
391,2019-10-28,North West,635.0,2059166.0,30.29
392,2019-10-28,South East,473.0,1579453.0,28.499999999999996
393,2019-10-28,South West,1156.0,3280611.0,31.560000000000002
394,2019-10-28,West Midlands,288.0,989720.0,34.035
395,2019-10-28,Yorkshire and The Humber,1059.0,3403779.0,33.365
396,2019-11-04,East,1918.0,5583029.0,35.45
397,2019-11-04,East Midlands,1346.0,4171637.0,33.21
398,2019-11-04,London,344.0,1671548.0,33.67
399,2019-11-04,North East,372.0,1098632.0,35.324999999999996
400,2019-11-04,North West,720.0,2059078.0,34.23500000000001
401,2019-11-04,South East,510.0,1579652.0,30.525000000000006
402,2019-11-04,South West,1230.0,3281513.0,33.1
403,2019-11-04,West Midlands,305.0,989651.0,35.705
404,2019-11-04,Yorkshire and The Humber,1053.0,3404474.0,33.225
405,2019-11-11,East,1880.0,5585545.0,34.885000000000005
406,2019-11-11,East Midlands,1313.0,4173196.0,32.44
407,2019-11-11,London,384.0,1674099.0,36.61
408,2019-11-11,North East,398.0,1098699.0,38.17
409,2019-11-11,North West,657.0,2059223.0,31.49
410,2019-11-11,South East,526.0,1580126.0,31.450000000000003
411,2019-11-11,South West,1207.0,3282209.0,32.81
412,2019-11-11,West Midlands,320.0,990011.0,37.54
413,2019-11-11,Yorkshire and The Humber,1012.0,3405024.0,31.97
414,2019-11-18,East,1865.0,5587356.0,34.415
415,2019-11-18,East Midlands,1351.0,4175183.0,33.445
416,2019-11-18,London,359.0,1675844.0,35.225
417,2019-11-18,North East,400.0,1098810.0,38.165
418,2019-11-18,North West,673.0,2059405.0,32.095000000000006
419,2019-11-18,South East,475.0,1580493.0,28.71
420,2019-11-18,South West,1248.0,3282984.0,33.98
421,2019-11-18,West Midlands,295.0,989604.0,34.790000000000006
422,2019-11-18,Yorkshire and The Humber,1097.0,3405682.0,34.53000000000001
423,2019-11-25,East,1764.0,5588322.0,32.66
424,2019-11-25,East Midlands,1343.0,4176741.0,33.379999999999995
425,2019-11-25,London,314.0,1676426.0,30.105
426,2019-11-25,North East,381.0,1098982.0,36.715
427,2019-11-25,North West,618.0,2059588.0,29.544999999999998
428,2019-11-25,South East,507.0,1580652.0,30.26
429,2019-11-25,South West,1190.0,3283970.0,32.65
430,2019-11-25,West Midlands,303.0,989709.0,35.964999999999996
431,2019-11-25,Yorkshire and The Humber,1074.0,3406296.0,33.84
432,2019-12-02,East,1886.0,5589895.0,34.76
433,2019-12-02,East Midlands,1259.0,4178645.0,31.130000000000003
434,2019-12-02,London,340.0,1677680.0,33.730000000000004
435,2019-12-02,North East,362.0,1098988.0,34.32999999999999
436,2019-12-02,North West,645.0,2059615.0,30.86
437,2019-12-02,South East,487.0,1580837.0,29.215
438,2019-12-02,South West,1219.0,3285938.0,33.215
439,2019-12-02,West Midlands,298.0,989803.0,34.985
440,2019-12-02,Yorkshire and The Humber,1012.0,3406760.0,31.535
441,2019-12-09,East,1779.0,5591083.0,32.845
442,2019-12-09,East Midlands,1262.0,4179441.0,31.05
443,2019-12-09,London,375.0,1679150.0,34.31000000000001
444,2019-12-09,North East,347.0,1099116.0,33.25
445,2019-12-09,North West,669.0,2059692.0,31.689999999999998
446,2019-12-09,South East,476.0,1580982.0,28.355
447,2019-12-09,South West,1191.0,3287174.0,32.525
448,2019-12-09,West Midlands,304.0,989867.0,35.54
449,2019-12-09,Yorkshire and The Humber,1057.0,3406975.0,33.435
450,2019-12-16,East,1721.0,5592374.0,31.740000000000006
451,2019-12-16,East Midlands,1337.0,4179927.0,33.065
452,2019-12-16,London,337.0,1679933.0,32.15
453,2019-12-16,North East,336.0,1099203.0,32.365
454,2019-12-16,North West,694.0,2059806.0,33.185
455,2019-12-16,South East,507.0,1581048.0,30.4
456,2019-12-16,South West,1234.0,3288211.0,33.38
457,2019-12-16,West Midlands,266.0,989921.0,31.315
458,2019-12-16,Yorkshire and The Humber,1038.0,3407177.0,32.68
459,2019-12-23,East,1225.0,5593679.0,22.685000000000002
460,2019-12-23,East Midlands,890.0,4180272.0,22.045000000000005
461,2019-12-23,London,209.0,1680479.0,20.42
462,2019-12-23,North East,274.0,1099182.0,26.299999999999997
463,2019-12-23,North West,490.0,2059731.0,23.364999999999995
464,2019-12-23,South East,315.0,1581129.0,18.959999999999997
465,2019-12-23,South West,767.0,3288787.0,20.825
466,2019-12-23,West Midlands,180.0,989816.0,21.474999999999998
467,2019-12-23,Yorkshire and The Humber,744.0,3407423.0,23.525
468,2019-12-30,East,1519.0,5594369.0,28.17
469,2019-12-30,East Midlands,1088.0,4180582.0,26.92
470,2019-12-30,London,268.0,1680794.0,26.235
471,2019-12-30,North East,296.0,1099218.0,28.315
472,2019-12-30,North West,563.0,2059749.0,27.035000000000004
473,2019-12-30,South East,364.0,1581008.0,21.78
474,2019-12-30,South West,957.0,3289283.0,25.860000000000007
475,2019-12-30,West Midlands,264.0,989884.0,31.085
476,2019-12-30,Yorkshire and The Humber,831.0,3407475.0,26.16
477,2020-01-06,East,1878.0,5595086.0,34.57
478,2020-01-06,East Midlands,1318.0,4180708.0,32.405
479,2020-01-06,London,401.0,1681451.0,37.405
480,2020-01-06,North East,372.0,1099143.0,35.235
481,2020-01-06,North West,693.0,2059671.0,32.93
482,2020-01-06,South East,505.0,1581010.0,30.245000000000005
483,2020-01-06,South West,1279.0,3289577.0,35.02
484,2020-01-06,West Midlands,324.0,989969.0,38.220000000000006
485,2020-01-06,Yorkshire and The Humber,1079.0,3407606.0,33.96
486,2020-01-13,East,1837.0,5596581.0,33.79
487,2020-01-13,East Midlands,1309.0,4181423.0,32.37
488,2020-01-13,London,378.0,1683007.0,35.975
489,2020-01-13,North East,393.0,1099306.0,37.42
490,2020-01-13,North West,636.0,2059912.0,30.224999999999998
491,2020-01-13,South East,460.0,1581076.0,27.490000000000002
492,2020-01-13,South West,1209.0,3290609.0,33.004999999999995
493,2020-01-13,West Midlands,349.0,990202.0,41.18000000000001
494,2020-01-13,Yorkshire and The Humber,1060.0,3408053.0,33.375
495,2020-01-20,East,1817.0,5598747.0,33.58
496,2020-01-20,East Midlands,1334.0,4182324.0,32.830000000000005
497,2020-01-20,London,336.0,1684172.0,32.245000000000005
498,2020-01-20,North East,389.0,1099460.0,37.075
499,2020-01-20,North West,675.0,2060149.0,32.165
500,2020-01-20,South East,456.0,1581231.0,27.39
501,2020-01-20,South West,1176.0,3291360.0,32.135
502,2020-01-20,West Midlands,319.0,990379.0,37.61
503,2020-01-20,Yorkshire and The Humber,1079.0,3408544.0,33.779999999999994
504,2020-01-27,East,1873.0,5600653.0,34.665
505,2020-01-27,East Midlands,1368.0,4183642.0,33.650000000000006
506,2020-01-27,London,385.0,1685748.0,37.89999999999999
507,2020-01-27,North East,350.0,1099697.0,33.29
508,2020-01-27,North West,687.0,2060370.0,32.81
509,2020-01-27,South East,519.0,1581659.0,31.184999999999995
510,2020-01-27,South West,1231.0,3292490.0,33.339999999999996
511,2020-01-27,West Midlands,310.0,990543.0,36.63000000000001
512,2020-01-27,Yorkshire and The Humber,1030.0,3408977.0,32.435
513,2020-02-03,East,1859.0,5602406.0,34.21
514,2020-02-03,East Midlands,1348.0,4184937.0,33.17999999999999
515,2020-02-03,London,380.0,1687670.0,36.16
516,2020-02-03,North East,394.0,1099872.0,37.425
517,2020-02-03,North West,678.0,2060602.0,32.035
518,2020-02-03,South East,507.0,1581979.0,30.53
519,2020-02-03,South West,1171.0,3292949.0,31.914999999999996
520,2020-02-03,West Midlands,318.0,990687.0,37.61
521,2020-02-03,Yorkshire and The Humber,1061.0,3409649.0,33.24
522,2020-02-10,East,1855.0,5603925.0,34.165
523,2020-02-10,East Midlands,1407.0,4185621.0,34.7
524,2020-02-10,London,394.0,1688601.0,38.425000000000004
525,2020-02-10,North East,396.0,1099898.0,37.39000000000001
526,2020-02-10,North West,706.0,2060847.0,33.53
527,2020-02-10,South East,453.0,1582275.0,27.145
528,2020-02-10,South West,1218.0,3293715.0,32.795
529,2020-02-10,West Midlands,348.0,991089.0,40.965
530,2020-02-10,Yorkshire and The Humber,1068.0,3409953.0,33.445
531,2020-02-17,East,1809.0,5605462.0,33.435
532,2020-02-17,East Midlands,1292.0,4186221.0,32.015
533,2020-02-17,London,343.0,1689678.0,33.67
534,2020-02-17,North East,347.0,1099974.0,33.12
535,2020-02-17,North West,682.0,2061069.0,32.31
536,2020-02-17,South East,431.0,1582565.0,25.769999999999996
537,2020-02-17,South West,1144.0,3294431.0,30.959999999999997
538,2020-02-17,West Midlands,308.0,991360.0,36.03000000000001
539,2020-02-17,Yorkshire and The Humber,1011.0,3410373.0,31.525000000000002
540,2020-02-24,East,1835.0,5607030.0,33.95
541,2020-02-24,East Midlands,1357.0,4186470.0,33.49
542,2020-02-24,London,356.0,1690833.0,34.91
543,2020-02-24,North East,379.0,1100087.0,36.059999999999995
544,2020-02-24,North West,733.0,2061220.0,34.83
545,2020-02-24,South East,485.0,1582642.0,28.749999999999996
546,2020-02-24,South West,1301.0,3295206.0,35.269999999999996
547,2020-02-24,West Midlands,314.0,991417.0,36.63
548,2020-02-24,Yorkshire and The Humber,1083.0,3410587.0,33.93
549,2020-03-02,East,1861.0,5610528.0,34.285000000000004
550,2020-03-02,East Midlands,1366.0,4186688.0,33.56
551,2020-03-02,London,365.0,1691737.0,34.73
552,2020-03-02,North East,404.0,1100092.0,38.150000000000006
553,2020-03-02,North West,660.0,2061452.0,31.314999999999998
554,2020-03-02,South East,487.0,1582950.0,29.215000000000003
555,2020-03-02,South West,1262.0,3295754.0,34.065000000000005
556,2020-03-02,West Midlands,308.0,991390.0,36.195
557,2020-03-02,Yorkshire and The Humber,1096.0,3410858.0,34.315
558,2020-03-09,East,1739.0,5614138.0,31.935
559,2020-03-09,East Midlands,1237.0,4187011.0,30.585
560,2020-03-09,London,283.0,1692952.0,26.625000000000004
561,2020-03-09,North East,357.0,1100290.0,33.96
562,2020-03-09,North West,665.0,2061659.0,31.445000000000004
563,2020-03-09,South East,421.0,1583161.0,25.17
564,2020-03-09,South West,1066.0,3296304.0,28.735000000000003
565,2020-03-09,West Midlands,255.0,991526.0,30.07
566,2020-03-09,Yorkshire and The Humber,929.0,3411502.0,29.020000000000003
567,2020-03-16,East,1187.0,5615684.0,21.880000000000003
568,2020-03-16,East Midlands,906.0,4187145.0,22.24
569,2020-03-16,London,154.0,1693743.0,15.155
570,2020-03-16,North East,245.0,1100288.0,23.169999999999998
571,2020-03-16,North West,510.0,2061645.0,24.245000000000005
572,2020-03-16,South East,335.0,1583474.0,20.0
573,2020-03-16,South West,839.0,3296774.0,22.655
574,2020-03-16,West Midlands,182.0,991419.0,21.535
575,2020-03-16,Yorkshire and The Humber,818.0,3411776.0,25.610000000000003
576,2020-03-23,East,841.0,5617342.0,15.330000000000002
577,2020-03-23,East Midlands,660.0,4187511.0,16.19
578,2020-03-23,London,106.0,1694137.0,10.34
579,2020-03-23,North East,168.0,1100166.0,15.939999999999998
580,2020-03-23,North West,363.0,2061609.0,17.29
581,2020-03-23,South East,255.0,1583401.0,15.325000000000001
582,2020-03-23,South West,609.0,3297386.0,16.375
583,2020-03-23,West Midlands,129.0,991313.0,15.22
584,2020-03-23,Yorkshire and The Humber,508.0,3411913.0,16.064999999999998
585,2020-03-30,East,745.0,5618142.0,13.735
586,2020-03-30,East Midlands,606.0,4187594.0,14.88
587,2020-03-30,London,126.0,1693991.0,11.815000000000001
588,2020-03-30,North East,166.0,1100126.0,15.815000000000001
589,2020-03-30,North West,333.0,2061651.0,15.865
590,2020-03-30,South East,228.0,1583609.0,13.540000000000001
591,2020-03-30,South West,560.0,3297761.0,15.120000000000001
592,2020-03-30,West Midlands,122.0,991047.0,14.44
593,2020-03-30,Yorkshire and The Humber,466.0,3411947.0,14.7
594,2020-04-06,East,677.0,5620417.0,12.485
595,2020-04-06,East Midlands,581.0,4187190.0,14.285000000000002
596,2020-04-06,London,115.0,1693705.0,10.69
597,2020-04-06,North East,170.0,1100102.0,16.23
598,2020-04-06,North West,289.0,2061445.0,13.720000000000002
599,2020-04-06,South East,224.0,1583529.0,13.275
600,2020-04-06,South West,518.0,3297727.0,13.930000000000001
601,2020-04-06,West Midlands,126.0,991293.0,14.985
602,2020-04-06,Yorkshire and The Humber,407.0,3411783.0,12.725000000000001
603,2020-04-13,East,676.0,5619341.0,12.28
604,2020-04-13,East Midlands,669.0,4186546.0,16.485
605,2020-04-13,London,128.0,1693608.0,12.499999999999998
606,2020-04-13,North East,191.0,1099819.0,18.11
607,2020-04-13,North West,327.0,2060970.0,15.555000000000001
608,2020-04-13,South East,241.0,1583245.0,14.235
609,2020-04-13,South West,600.0,3297435.0,16.265000000000004
610,2020-04-13,West Midlands,130.0,990920.0,15.175000000000002
611,2020-04-13,Yorkshire and The Humber,420.0,3411335.0,13.215000000000002
612,2020-04-20,East,856.0,5618025.0,15.685
613,2020-04-20,East Midlands,751.0,4185490.0,18.435000000000002
614,2020-04-20,London,147.0,1693367.0,14.670000000000002
615,2020-04-20,North East,215.0,1099631.0,20.355
616,2020-04-20,North West,388.0,2060461.0,18.360000000000003
617,2020-04-20,South East,279.0,1582989.0,16.69
618,2020-04-20,South West,689.0,3297047.0,18.575000000000003
619,2020-04-20,West Midlands,164.0,990372.0,19.110000000000003
620,2020-04-20,Yorkshire and The Humber,561.0,3410811.0,17.675
621,2020-04-27,East,986.0,5618254.0,18.285
622,2020-04-27,East Midlands,893.0,4184760.0,22.020000000000003
623,2020-04-27,London,159.0,1693241.0,15.530000000000001
624,2020-04-27,North East,244.0,1099340.0,23.470000000000002
625,2020-04-27,North West,413.0,2059991.0,19.585
626,2020-04-27,South East,337.0,1582680.0,20.044999999999998
627,2020-04-27,South West,748.0,3296502.0,20.220000000000002
628,2020-04-27,West Midlands,176.0,990034.0,20.79
629,2020-04-27,Yorkshire and The Humber,614.0,3410155.0,19.265000000000004
630,2020-05-04,East,1002.0,5618097.0,18.369999999999997
631,2020-05-04,East Midlands,854.0,4184325.0,20.980000000000004
632,2020-05-04,London,199.0,1693126.0,19.99
633,2020-05-04,North East,221.0,1099197.0,21.055
634,2020-05-04,North West,380.0,2059708.0,18.089999999999996
635,2020-05-04,South East,347.0,1582452.0,20.745
636,2020-05-04,South West,782.0,3296370.0,20.98
637,2020-05-04,West Midlands,180.0,989871.0,21.089999999999996
638,2020-05-04,Yorkshire and The Humber,651.0,3409633.0,20.464999999999996
639,2020-05-11,East,1087.0,5617791.0,20.029999999999998
640,2020-05-11,East Midlands,892.0,4183978.0,21.825
641,2020-05-11,London,212.0,1693141.0,21.200000000000003
642,2020-05-11,North East,268.0,1098982.0,25.525
643,2020-05-11,North West,432.0,2059561.0,20.619999999999997
644,2020-05-11,South East,369.0,1582228.0,22.025000000000002
645,2020-05-11,South West,844.0,3296175.0,22.834999999999997
646,2020-05-11,West Midlands,177.0,989714.0,20.880000000000003
647,2020-05-11,Yorkshire and The Humber,673.0,3409318.0,21.194999999999997
648,2020-05-18,East,1125.0,5618299.0,20.52
649,2020-05-18,East Midlands,942.0,4183877.0,23.255
650,2020-05-18,London,236.0,1693334.0,23.375
651,2020-05-18,North East,282.0,1098926.0,26.610000000000003
652,2020-05-18,North West,470.0,2059430.0,22.354999999999997
653,2020-05-18,South East,385.0,1581978.0,23.045
654,2020-05-18,South West,883.0,3296209.0,23.86
655,2020-05-18,West Midlands,209.0,989669.0,24.35
656,2020-05-18,Yorkshire and The Humber,741.0,3409388.0,23.23
657,2020-05-25,East,1023.0,5618381.0,18.875
658,2020-05-25,East Midlands,864.0,4183463.0,21.195
659,2020-05-25,London,227.0,1693382.0,22.310000000000002
660,2020-05-25,North East,245.0,1098804.0,23.505
661,2020-05-25,North West,443.0,2059348.0,21.189999999999998
662,2020-05-25,South East,364.0,1581819.0,21.935000000000006
663,2020-05-25,South West,862.0,3296164.0,23.13
664,2020-05-25,West Midlands,190.0,989523.0,22.25
665,2020-05-25,Yorkshire and The Humber,663.0,3409083.0,20.76
666,2020-06-01,East,1232.0,5619031.0,22.580000000000002
667,2020-06-01,East Midlands,970.0,4183444.0,23.9
668,2020-06-01,London,219.0,1693811.0,21.545
669,2020-06-01,North East,252.0,1098761.0,23.920000000000005
670,2020-06-01,North West,453.0,2059394.0,21.384999999999998
671,2020-06-01,South East,362.0,1581853.0,21.61
672,2020-06-01,South West,940.0,3296440.0,25.315
673,2020-06-01,West Midlands,197.0,989478.0,23.21
674,2020-06-01,Yorkshire and The Humber,789.0,3409030.0,24.685
675,2020-06-08,East,1249.0,5619656.0,22.975
676,2020-06-08,East Midlands,1109.0,4183065.0,27.290000000000003
677,2020-06-08,London,259.0,1693879.0,25.185
678,2020-06-08,North East,232.0,1098752.0,22.170000000000005
679,2020-06-08,North West,530.0,2059516.0,24.975
680,2020-06-08,South East,409.0,1581810.0,24.575
681,2020-06-08,South West,1009.0,3296683.0,27.240000000000002
682,2020-06-08,West Midlands,241.0,989459.0,28.455000000000002
683,2020-06-08,Yorkshire and The Humber,781.0,3408957.0,24.544999999999998
684,2020-06-15,East,1272.0,5620376.0,23.270000000000003
685,2020-06-15,East Midlands,1066.0,4182846.0,26.230000000000004
686,2020-06-15,London,248.0,1694200.0,24.130000000000003
687,2020-06-15,North East,311.0,1098614.0,29.585000000000004
688,2020-06-15,North West,552.0,2059664.0,26.169999999999998
689,2020-06-15,South East,417.0,1581628.0,24.725
690,2020-06-15,South West,1040.0,3296891.0,27.985000000000003
691,2020-06-15,West Midlands,249.0,989446.0,29.24
692,2020-06-15,Yorkshire and The Humber,794.0,3409159.0,24.965
693,2020-06-22,East,1348.0,5621195.0,24.755000000000003
694,2020-06-22,East Midlands,1155.0,4182320.0,28.49
695,2020-06-22,London,274.0,1694493.0,26.905
696,2020-06-22,North East,300.0,1098626.0,28.600000000000005
697,2020-06-22,North West,540.0,2059752.0,25.71
698,2020-06-22,South East,420.0,1581652.0,25.285000000000004
699,2020-06-22,South West,1063.0,3297094.0,28.78
700,2020-06-22,West Midlands,277.0,989324.0,33.02
701,2020-06-22,Yorkshire and The Humber,835.0,3409173.0,26.345
702,2020-06-29,East,1327.0,5622109.0,24.46
703,2020-06-29,East Midlands,1127.0,4181235.0,27.645
704,2020-06-29,London,251.0,1694744.0,24.520000000000003
705,2020-06-29,North East,298.0,1098659.0,28.435000000000006
706,2020-06-29,North West,588.0,2059942.0,28.005000000000003
707,2020-06-29,South East,372.0,1581705.0,22.075000000000003
708,2020-06-29,South West,1009.0,3297414.0,27.185000000000002
709,2020-06-29,West Midlands,276.0,989212.0,32.66
710,2020-06-29,Yorkshire and The Humber,864.0,3409358.0,27.055000000000003
711,2020-07-06,East,1349.0,5623367.0,24.615000000000002
712,2020-07-06,East Midlands,1114.0,4181387.0,27.35
713,2020-07-06,London,258.0,1695037.0,24.090000000000003
714,2020-07-06,North East,301.0,1098613.0,28.580000000000002
715,2020-07-06,North West,574.0,2060085.0,27.285000000000004
716,2020-07-06,South East,411.0,1581989.0,24.625
717,2020-07-06,South West,1019.0,3297892.0,27.44
718,2020-07-06,West Midlands,281.0,989306.0,33.25
719,2020-07-06,Yorkshire and The Humber,874.0,3409516.0,27.27
720,2020-07-13,East,1406.0,5624049.0,25.82
721,2020-07-13,East Midlands,1205.0,4181174.0,29.48
722,2020-07-13,London,264.0,1695442.0,25.905
723,2020-07-13,North East,294.0,1098701.0,28.105000000000004
724,2020-07-13,North West,603.0,2060236.0,28.63
725,2020-07-13,South East,436.0,1581672.0,26.025000000000006
726,2020-07-13,South West,1038.0,3298051.0,27.875
727,2020-07-13,West Midlands,279.0,989170.0,33.095
728,2020-07-13,Yorkshire and The Humber,892.0,3409890.0,28.015
729,2020-07-20,East,1493.0,5624723.0,27.41
730,2020-07-20,East Midlands,1140.0,4181256.0,27.835000000000004
731,2020-07-20,London,265.0,1695583.0,25.175000000000004
732,2020-07-20,North East,309.0,1098726.0,29.355000000000004
733,2020-07-20,North West,597.0,2062514.0,28.26
734,2020-07-20,South East,470.0,1581784.0,27.939999999999998
735,2020-07-20,South West,1041.0,3297933.0,27.92
736,2020-07-20,West Midlands,268.0,989115.0,31.620000000000005
737,2020-07-20,Yorkshire and The Humber,886.0,3410216.0,27.75
738,2020-07-27,East,1399.0,5625768.0,25.565
739,2020-07-27,East Midlands,1129.0,4181110.0,27.745
740,2020-07-27,London,248.0,1695892.0,23.875
741,2020-07-27,North East,313.0,1098788.0,29.78
742,2020-07-27,North West,565.0,2062853.0,26.7
743,2020-07-27,South East,463.0,1581826.0,27.695000000000004
744,2020-07-27,South West,1009.0,3298124.0,27.125
745,2020-07-27,West Midlands,271.0,988955.0,31.980000000000004
746,2020-07-27,Yorkshire and The Humber,905.0,3410489.0,28.5
747,2020-08-03,East,1336.0,5626399.0,24.42
748,2020-08-03,East Midlands,1070.0,4181405.0,26.240000000000002
749,2020-08-03,London,240.0,1695769.0,23.17
750,2020-08-03,North East,312.0,1098827.0,29.87
751,2020-08-03,North West,604.0,2063072.0,28.630000000000003
752,2020-08-03,South East,468.0,1581864.0,27.955000000000002
753,2020-08-03,South West,998.0,3298415.0,26.790000000000003
754,2020-08-03,West Midlands,264.0,988779.0,30.995
755,2020-08-03,Yorkshire and The Humber,861.0,3410572.0,26.909999999999997
756,2020-08-10,East,1351.0,5627084.0,24.71
757,2020-08-10,East Midlands,1079.0,4181459.0,26.445
758,2020-08-10,London,263.0,1696275.0,25.394999999999996
759,2020-08-10,North East,341.0,1098846.0,32.285
760,2020-08-10,North West,561.0,2063451.0,26.46
761,2020-08-10,South East,476.0,1581988.0,28.375
762,2020-08-10,South West,1054.0,3298852.0,28.230000000000004
763,2020-08-10,West Midlands,254.0,988771.0,30.009999999999998
764,2020-08-10,Yorkshire and The Humber,858.0,3411041.0,26.725
765,2020-08-17,East,1309.0,5627258.0,23.920000000000005
766,2020-08-17,East Midlands,1186.0,4181551.0,29.215000000000003
767,2020-08-17,London,274.0,1696575.0,26.779999999999998
768,2020-08-17,North East,333.0,1098997.0,31.560000000000002
769,2020-08-17,North West,612.0,2063763.0,29.149999999999995
770,2020-08-17,South East,470.0,1581751.0,28.299999999999997
771,2020-08-17,South West,1000.0,3299101.0,27.28
772,2020-08-17,West Midlands,269.0,988599.0,31.804999999999996
773,2020-08-17,Yorkshire and The Humber,896.0,3411427.0,28.160000000000004
774,2020-08-24,East,1454.0,5627748.0,26.619999999999997
775,2020-08-24,East Midlands,1081.0,4181558.0,26.53
776,2020-08-24,London,270.0,1695824.0,25.9
777,2020-08-24,North East,302.0,1099010.0,28.779999999999998
778,2020-08-24,North West,600.0,2063919.0,28.404999999999998
779,2020-08-24,South East,443.0,1581419.0,26.430000000000007
780,2020-08-24,South West,1031.0,3299184.0,27.78
781,2020-08-24,West Midlands,287.0,988491.0,34.17
782,2020-08-24,Yorkshire and The Humber,892.0,3411581.0,27.860000000000003
783,2020-08-31,East,1306.0,5629360.0,23.975000000000005
784,2020-08-31,East Midlands,1077.0,4181225.0,26.200000000000003
785,2020-08-31,London,236.0,1694834.0,22.224999999999998
786,2020-08-31,North East,279.0,1099056.0,26.64
787,2020-08-31,North West,566.0,2063975.0,26.619999999999997
788,2020-08-31,South East,403.0,1581060.0,24.110000000000003
789,2020-08-31,South West,1053.0,3299277.0,28.31
790,2020-08-31,West Midlands,226.0,988385.0,27.095
791,2020-08-31,Yorkshire and The Humber,832.0,3411694.0,25.920000000000005
792,2020-09-07,East,1474.0,5631194.0,26.75
793,2020-09-07,East Midlands,1166.0,4182207.0,28.539999999999996
794,2020-09-07,London,294.0,1695103.0,28.220000000000002
795,2020-09-07,North East,326.0,1099286.0,30.945
796,2020-09-07,North West,601.0,2064438.0,28.345000000000002
797,2020-09-07,South East,406.0,1581228.0,24.395000000000003
798,2020-09-07,South West,1082.0,3300392.0,29.16
799,2020-09-07,West Midlands,275.0,988353.0,32.755
800,2020-09-07,Yorkshire and The Humber,889.0,3412207.0,27.825000000000003
801,2020-09-14,East,1496.0,5631561.0,27.285
802,2020-09-14,East Midlands,1230.0,4182740.0,30.235
803,2020-09-14,London,281.0,1693614.0,25.91
804,2020-09-14,North East,300.0,1099309.0,28.570000000000004
805,2020-09-14,North West,564.0,2064614.0,26.509999999999998
806,2020-09-14,South East,459.0,1581017.0,27.415
807,2020-09-14,South West,1099.0,3301121.0,29.544999999999998
808,2020-09-14,West Midlands,254.0,988096.0,30.455
809,2020-09-14,Yorkshire and The Humber,874.0,3412367.0,27.380000000000003
810,2020-09-21,East,1472.0,5631956.0,26.775
811,2020-09-21,East Midlands,1244.0,4183859.0,30.625000000000004
812,2020-09-21,London,266.0,1695110.0,25.615000000000002
813,2020-09-21,North East,326.0,1099384.0,31.095
814,2020-09-21,North West,579.0,2064707.0,27.165
815,2020-09-21,South East,454.0,1581266.0,26.955000000000002
816,2020-09-21,South West,1105.0,3301900.0,29.685
817,2020-09-21,West Midlands,241.0,988218.0,28.609999999999996
818,2020-09-21,Yorkshire and The Humber,846.0,3412648.0,26.509999999999998
819,2020-09-28,East,1560.0,5631893.0,28.549999999999997
820,2020-09-28,East Midlands,1256.0,4184641.0,30.595
821,2020-09-28,London,280.0,1696589.0,27.225
822,2020-09-28,North East,349.0,1100141.0,33.025
823,2020-09-28,North West,601.0,2064528.0,28.45
824,2020-09-28,South East,511.0,1580989.0,30.335
825,2020-09-28,South West,1185.0,3302153.0,31.645000000000003
826,2020-09-28,West Midlands,284.0,988063.0,33.339999999999996
827,2020-09-28,Yorkshire and The Humber,943.0,3412289.0,29.56
828,2020-10-05,East,1600.0,5633016.0,29.11
829,2020-10-05,East Midlands,1208.0,4188810.0,29.445
830,2020-10-05,London,324.0,1698502.0,29.65
831,2020-10-05,North East,333.0,1100257.0,31.625
832,2020-10-05,North West,670.0,2064801.0,31.365
833,2020-10-05,South East,496.0,1581343.0,29.645
834,2020-10-05,South West,1172.0,3302589.0,31.369999999999997
835,2020-10-05,West Midlands,285.0,988107.0,33.94499999999999
836,2020-10-05,Yorkshire and The Humber,902.0,3412405.0,28.139999999999997
837,2020-10-12,East,1562.0,5634132.0,28.585000000000004
838,2020-10-12,East Midlands,1198.0,4189171.0,29.325
839,2020-10-12,London,319.0,1699663.0,30.325
840,2020-10-12,North East,308.0,1100383.0,28.994999999999997
841,2020-10-12,North West,615.0,2065387.0,29.165000000000003
842,2020-10-12,South East,447.0,1581868.0,26.53
843,2020-10-12,South West,1116.0,3303043.0,29.825
844,2020-10-12,West Midlands,279.0,988087.0,32.915
845,2020-10-12,Yorkshire and The Humber,938.0,3412645.0,29.165000000000003
846,2020-10-19,East,1549.0,5635654.0,28.27
847,2020-10-19,East Midlands,1173.0,4189925.0,28.67
848,2020-10-19,London,313.0,1700662.0,30.305000000000007
849,2020-10-19,North East,301.0,1100343.0,28.365000000000006
850,2020-10-19,North West,595.0,2067107.0,28.015
851,2020-10-19,South East,492.0,1582119.0,29.39
852,2020-10-19,South West,1043.0,3303537.0,27.959999999999997
853,2020-10-19,West Midlands,241.0,988127.0,28.41
854,2020-10-19,Yorkshire and The Humber,947.0,3412867.0,29.415000000000003
855,2020-10-26,East,1470.0,5637518.0,26.740000000000002
856,2020-10-26,East Midlands,1128.0,4190466.0,27.505
857,2020-10-26,London,306.0,1701857.0,28.755000000000003
858,2020-10-26,North East,276.0,1100408.0,26.38
859,2020-10-26,North West,566.0,2067176.0,26.775
860,2020-10-26,South East,432.0,1582490.0,26.035000000000004
861,2020-10-26,South West,1011.0,3304204.0,27.435000000000002
862,2020-10-26,West Midlands,196.0,988222.0,23.005
863,2020-10-26,Yorkshire and The Humber,861.0,3412987.0,26.795
864,2020-11-02,East,1491.0,5638509.0,27.295
865,2020-11-02,East Midlands,1128.0,4191394.0,27.414999999999996
866,2020-11-02,London,300.0,1702909.0,27.65
867,2020-11-02,North East,271.0,1100456.0,25.640000000000008
868,2020-11-02,North West,579.0,2067245.0,27.265000000000004
869,2020-11-02,South East,480.0,1582701.0,28.39
870,2020-11-02,South West,1109.0,3304603.0,29.650000000000002
871,2020-11-02,West Midlands,214.0,988342.0,25.12
872,2020-11-02,Yorkshire and The Humber,840.0,3413469.0,26.104999999999997
873,2020-11-09,East,1501.0,5639852.0,27.425
874,2020-11-09,East Midlands,1178.0,4192199.0,28.779999999999998
875,2020-11-09,London,324.0,1703694.0,30.33
876,2020-11-09,North East,301.0,1100546.0,28.485
877,2020-11-09,North West,585.0,2067347.0,27.679999999999996
878,2020-11-09,South East,460.0,1582609.0,27.475000000000005
879,2020-11-09,South West,1086.0,3305219.0,28.91
880,2020-11-09,West Midlands,184.0,988522.0,21.580000000000002
881,2020-11-09,Yorkshire and The Humber,776.0,3413914.0,24.315
882,2020-11-16,East,1427.0,5640996.0,26.03
883,2020-11-16,East Midlands,1145.0,4192819.0,27.955000000000002
884,2020-11-16,London,327.0,1704547.0,31.115
885,2020-11-16,North East,292.0,1100532.0,27.620000000000005
886,2020-11-16,North West,629.0,2067467.0,29.400000000000006
887,2020-11-16,South East,456.0,1582975.0,27.064999999999998
888,2020-11-16,South West,1047.0,3305983.0,28.165000000000003
889,2020-11-16,West Midlands,208.0,988594.0,24.410000000000004
890,2020-11-16,Yorkshire and The Humber,781.0,3413987.0,24.325000000000003
891,2020-11-23,East,1476.0,5642277.0,26.919999999999998
892,2020-11-23,East Midlands,1133.0,4193289.0,27.71
893,2020-11-23,London,313.0,1705246.0,28.730000000000004
894,2020-11-23,North East,279.0,1100535.0,26.385000000000005
895,2020-11-23,North West,613.0,2067286.0,28.710000000000004
896,2020-11-23,South East,470.0,1583039.0,27.845
897,2020-11-23,South West,1065.0,3306740.0,28.400000000000002
898,2020-11-23,West Midlands,211.0,988509.0,24.750000000000004
899,2020-11-23,Yorkshire and The Humber,814.0,3414161.0,25.43
900,2020-11-30,East,1444.0,5643533.0,26.290000000000003
901,2020-11-30,East Midlands,1221.0,4193511.0,29.850000000000005
902,2020-11-30,London,376.0,1705500.0,35.935
903,2020-11-30,North East,305.0,1100535.0,28.98
904,2020-11-30,North West,623.0,2067296.0,29.635000000000005
905,2020-11-30,South East,490.0,1583349.0,29.085000000000004
906,2020-11-30,South West,1114.0,3307391.0,29.88
907,2020-11-30,West Midlands,231.0,988343.0,27.005000000000003
908,2020-11-30,Yorkshire and The Humber,909.0,3414221.0,28.419999999999998
909,2020-12-07,East,1471.0,5643749.0,26.705
910,2020-12-07,East Midlands,1207.0,4194102.0,29.45
911,2020-12-07,London,329.0,1706034.0,31.465
912,2020-12-07,North East,322.0,1100583.0,30.439999999999998
913,2020-12-07,North West,709.0,2067561.0,33.405
914,2020-12-07,South East,459.0,1583642.0,27.375
915,2020-12-07,South West,1108.0,3307876.0,29.73
916,2020-12-07,West Midlands,223.0,988370.0,26.43
917,2020-12-07,Yorkshire and The Humber,892.0,3414516.0,27.834999999999997
918,2020-12-14,East,1365.0,5644527.0,24.875000000000004
919,2020-12-14,East Midlands,1141.0,4194741.0,27.76
920,2020-12-14,London,307.0,1706984.0,28.810000000000002
921,2020-12-14,North East,317.0,1100467.0,30.220000000000002
922,2020-12-14,North West,635.0,2067623.0,30.045
923,2020-12-14,South East,461.0,1584037.0,27.705000000000002
924,2020-12-14,South West,979.0,3308190.0,26.28
925,2020-12-14,West Midlands,229.0,988254.0,26.700000000000003
926,2020-12-14,Yorkshire and The Humber,885.0,3414690.0,27.720000000000002
927,2020-12-21,East,1006.0,5645112.0,18.255
928,2020-12-21,East Midlands,895.0,4195259.0,21.985000000000003
929,2020-12-21,London,217.0,1708000.0,20.18
930,2020-12-21,North East,227.0,1100444.0,21.675000000000004
931,2020-12-21,North West,484.0,2067835.0,22.895
932,2020-12-21,South East,339.0,1584116.0,19.975
933,2020-12-21,South West,789.0,3309072.0,21.05
934,2020-12-21,West Midlands,155.0,988263.0,18.535
935,2020-12-21,Yorkshire and The Humber,718.0,3414986.0,22.500000000000004
936,2020-12-28,East,869.0,5645398.0,15.97
937,2020-12-28,East Midlands,874.0,4195372.0,21.46
938,2020-12-28,London,139.0,1708452.0,13.44
939,2020-12-28,North East,238.0,1100330.0,22.819999999999997
940,2020-12-28,North West,478.0,2067730.0,22.785
941,2020-12-28,South East,269.0,1584136.0,16.020000000000003
942,2020-12-28,South West,767.0,3309353.0,20.34
943,2020-12-28,West Midlands,150.0,988327.0,17.744999999999997
944,2020-12-28,Yorkshire and The Humber,686.0,3414976.0,21.510000000000005
