,date,region,respiratory_disease,population,"European Standard population rate per 100,000"
0,2018-12-31,East,6813.0,5519739.0,126.135
1,2018-12-31,East Midlands,5422.0,4122188.0,135.14499999999998
2,2018-12-31,London,1481.0,1606652.0,130.72500000000002
3,2018-12-31,North East,1451.0,1091877.0,138.89
4,2018-12-31,North West,3100.0,2048930.0,151.405
5,2018-12-31,South East,1731.0,1567103.0,106.77
6,2018-12-31,South West,3907.0,3232499.0,112.86000000000001
7,2018-12-31,West Midlands,1418.0,985056.0,158.57999999999998
8,2018-12-31,Yorkshire and The Humber,4603.0,3387003.0,143.05
9,2019-01-07,East,7780.0,5521853.0,143.945
10,2019-01-07,East Midlands,5925.0,4122757.0,147.46500000000003
11,2019-01-07,London,1676.0,1607987.0,150.14000000000001
12,2019-01-07,North East,1707.0,1092005.0,162.21
13,2019-01-07,North West,3535.0,2049171.0,170.95999999999998
14,2019-01-07,South East,2006.0,1567020.0,124.16000000000001
15,2019-01-07,South West,4381.0,3233009.0,126.94
16,2019-01-07,West Midlands,1501.0,985282.0,167.27000000000004
17,2019-01-07,Yorkshire and The Humber,4905.0,3387413.0,151.70000000000002
18,2019-01-14,East,7458.0,5523531.0,137.96
19,2019-01-14,East Midlands,5793.0,4123729.0,144.11
20,2019-01-14,London,1613.0,1609708.0,142.36
21,2019-01-14,North East,1690.0,1092175.0,160.35000000000002
22,2019-01-14,North West,3494.0,2049692.0,169.535
23,2019-01-14,South East,1904.0,1567113.0,117.885
24,2019-01-14,South West,4229.0,3234138.0,122.78999999999999
25,2019-01-14,West Midlands,1545.0,985685.0,171.43
26,2019-01-14,Yorkshire and The Humber,4833.0,3388070.0,149.185
27,2019-01-21,East,7647.0,5525047.0,141.54999999999998
28,2019-01-21,East Midlands,5961.0,4124830.0,147.97500000000002
29,2019-01-21,London,1713.0,1611382.0,150.715
30,2019-01-21,North East,1625.0,1092313.0,154.23000000000002
31,2019-01-21,North West,3578.0,2050010.0,173.35
32,2019-01-21,South East,1938.0,1567267.0,120.46000000000002
33,2019-01-21,South West,4376.0,3235262.0,126.92
34,2019-01-21,West Midlands,1507.0,985877.0,167.365
35,2019-01-21,Yorkshire and The Humber,4926.0,3388618.0,151.57500000000002
36,2019-01-28,East,7615.0,5526703.0,140.66
37,2019-01-28,East Midlands,5831.0,4125914.0,145.04
38,2019-01-28,London,1633.0,1612606.0,145.245
39,2019-01-28,North East,1583.0,1092367.0,150.31500000000003
40,2019-01-28,North West,3491.0,2050337.0,168.94500000000002
41,2019-01-28,South East,1940.0,1567648.0,120.24000000000001
42,2019-01-28,South West,4222.0,3237569.0,122.27000000000001
43,2019-01-28,West Midlands,1523.0,986075.0,170.5
44,2019-01-28,Yorkshire and The Humber,4920.0,3389280.0,151.69500000000002
45,2019-02-04,East,7726.0,5528120.0,142.18000000000004
46,2019-02-04,East Midlands,6004.0,4127274.0,148.965
47,2019-02-04,London,1706.0,1614380.0,148.97499999999997
48,2019-02-04,North East,1581.0,1092502.0,149.655
49,2019-02-04,North West,3648.0,2050685.0,176.575
50,2019-02-04,South East,2094.0,1568134.0,129.69500000000002
51,2019-02-04,South West,4515.0,3238704.0,131.20000000000002
52,2019-02-04,West Midlands,1443.0,986502.0,160.34000000000003
53,2019-02-04,Yorkshire and The Humber,4935.0,3389799.0,151.63000000000002
54,2019-02-11,East,7555.0,5529171.0,139.43500000000003
55,2019-02-11,East Midlands,5823.0,4128035.0,144.555
56,2019-02-11,London,1679.0,1615639.0,147.39
57,2019-02-11,North East,1675.0,1092618.0,158.745
58,2019-02-11,North West,3344.0,2050973.0,161.41000000000003
59,2019-02-11,South East,1958.0,1568347.0,121.00499999999998
60,2019-02-11,South West,4318.0,3239603.0,125.56
61,2019-02-11,West Midlands,1373.0,986683.0,153.125
62,2019-02-11,Yorkshire and The Humber,4961.0,3390221.0,153.035
63,2019-02-18,East,7279.0,5530337.0,134.54000000000002
64,2019-02-18,East Midlands,5753.0,4128953.0,142.77999999999997
65,2019-02-18,London,1630.0,1617000.0,143.36
66,2019-02-18,North East,1564.0,1092826.0,147.6
67,2019-02-18,North West,3186.0,2051216.0,153.71
68,2019-02-18,South East,1873.0,1568475.0,116.125
69,2019-02-18,South West,3992.0,3240756.0,115.72500000000002
70,2019-02-18,West Midlands,1434.0,987112.0,159.94
71,2019-02-18,Yorkshire and The Humber,4616.0,3390437.0,142.54500000000002
72,2019-02-25,East,7185.0,5531772.0,133.145
73,2019-02-25,East Midlands,5793.0,4129848.0,144.145
74,2019-02-25,London,1636.0,1618067.0,143.15
75,2019-02-25,North East,1658.0,1092830.0,157.29000000000002
76,2019-02-25,North West,3145.0,2051471.0,152.81
77,2019-02-25,South East,1956.0,1568791.0,121.40999999999998
78,2019-02-25,South West,4091.0,3242195.0,118.54500000000002
79,2019-02-25,West Midlands,1442.0,987219.0,161.585
80,2019-02-25,Yorkshire and The Humber,4667.0,3390877.0,144.365
81,2019-03-04,East,7432.0,5532767.0,136.79999999999998
82,2019-03-04,East Midlands,5677.0,4130647.0,140.74
83,2019-03-04,London,1605.0,1618900.0,141.42499999999998
84,2019-03-04,North East,1609.0,1092834.0,152.16500000000002
85,2019-03-04,North West,3310.0,2052094.0,160.05
86,2019-03-04,South East,1890.0,1568830.0,116.98499999999999
87,2019-03-04,South West,4285.0,3243047.0,123.88500000000002
88,2019-03-04,West Midlands,1355.0,987276.0,150.705
89,2019-03-04,Yorkshire and The Humber,4613.0,3391186.0,142.17000000000002
90,2019-03-11,East,7402.0,5534286.0,136.68
91,2019-03-11,East Midlands,5683.0,4131699.0,141.155
92,2019-03-11,London,1601.0,1620541.0,142.22
93,2019-03-11,North East,1591.0,1092886.0,150.44500000000002
94,2019-03-11,North West,3276.0,2052407.0,158.435
95,2019-03-11,South East,1878.0,1568811.0,116.26500000000001
96,2019-03-11,South West,4093.0,3245051.0,118.51000000000002
97,2019-03-11,West Midlands,1443.0,987358.0,159.76499999999996
98,2019-03-11,Yorkshire and The Humber,4714.0,3391437.0,145.67499999999998
99,2019-03-18,East,7098.0,5535469.0,130.93
100,2019-03-18,East Midlands,5630.0,4132228.0,139.555
101,2019-03-18,London,1531.0,1621686.0,133.71
102,2019-03-18,North East,1511.0,1092888.0,143.17
103,2019-03-18,North West,3127.0,2052527.0,151.34500000000003
104,2019-03-18,South East,1880.0,1569063.0,116.69999999999999
105,2019-03-18,South West,4069.0,3245719.0,117.885
106,2019-03-18,West Midlands,1351.0,987397.0,150.135
107,2019-03-18,Yorkshire and The Humber,4598.0,3391896.0,141.825
108,2019-03-25,East,7093.0,5536628.0,131.095
109,2019-03-25,East Midlands,5632.0,4133078.0,139.46499999999997
110,2019-03-25,London,1558.0,1622814.0,134.08500000000004
111,2019-03-25,North East,1565.0,1092999.0,147.94500000000002
112,2019-03-25,North West,3100.0,2052634.0,150.12000000000003
113,2019-03-25,South East,1815.0,1569331.0,112.385
114,2019-03-25,South West,4059.0,3244178.0,117.67000000000002
115,2019-03-25,West Midlands,1337.0,987343.0,148.66500000000005
116,2019-03-25,Yorkshire and The Humber,4481.0,3392347.0,138.05
117,2019-04-01,East,7323.0,5536407.0,135.14000000000001
118,2019-04-01,East Midlands,5911.0,4132693.0,146.06000000000003
119,2019-04-01,London,1537.0,1622798.0,133.42499999999998
120,2019-04-01,North East,1553.0,1092902.0,146.86
121,2019-04-01,North West,3412.0,2052430.0,165.07500000000002
122,2019-04-01,South East,1980.0,1569008.0,122.53
123,2019-04-01,South West,4162.0,3244124.0,120.02499999999999
124,2019-04-01,West Midlands,1470.0,987137.0,163.435
125,2019-04-01,Yorkshire and The Humber,4924.0,3391910.0,151.555
126,2019-04-08,East,6971.0,5539159.0,128.85500000000002
127,2019-04-08,East Midlands,5676.0,4134775.0,140.82999999999998
128,2019-04-08,London,1599.0,1624635.0,140.5
129,2019-04-08,North East,1617.0,1093408.0,152.82000000000002
130,2019-04-08,North West,3255.0,2053094.0,157.055
131,2019-04-08,South East,1871.0,1569667.0,115.715
132,2019-04-08,South West,4039.0,3245943.0,116.57000000000002
133,2019-04-08,West Midlands,1496.0,987510.0,166.745
134,2019-04-08,Yorkshire and The Humber,4628.0,3393409.0,142.305
135,2019-04-15,East,6511.0,5539815.0,120.49500000000002
136,2019-04-15,East Midlands,5177.0,4135278.0,128.60500000000002
137,2019-04-15,London,1447.0,1625795.0,127.69
138,2019-04-15,North East,1463.0,1093422.0,138.79500000000002
139,2019-04-15,North West,2994.0,2053153.0,144.86499999999998
140,2019-04-15,South East,1693.0,1569817.0,104.37
141,2019-04-15,South West,3765.0,3246572.0,108.02999999999999
142,2019-04-15,West Midlands,1300.0,987506.0,144.985
143,2019-04-15,Yorkshire and The Humber,4338.0,3393818.0,133.93
144,2019-04-22,East,6500.0,5540428.0,120.26000000000002
145,2019-04-22,East Midlands,5258.0,4135629.0,130.49500000000003
146,2019-04-22,London,1493.0,1626250.0,130.70000000000002
147,2019-04-22,North East,1484.0,1093397.0,140.89499999999998
148,2019-04-22,North West,2982.0,2053356.0,144.17
149,2019-04-22,South East,1659.0,1569808.0,102.71
150,2019-04-22,South West,3695.0,3246942.0,106.21000000000001
151,2019-04-22,West Midlands,1273.0,987483.0,143.725
152,2019-04-22,Yorkshire and The Humber,4435.0,3394081.0,137.055
153,2019-04-29,East,6803.0,5541570.0,125.83
154,2019-04-29,East Midlands,5642.0,4136401.0,139.90000000000003
155,2019-04-29,London,1510.0,1627594.0,132.36
156,2019-04-29,North East,1565.0,1093460.0,148.21499999999997
157,2019-04-29,North West,3214.0,2053448.0,155.335
158,2019-04-29,South East,1839.0,1569949.0,113.92500000000003
159,2019-04-29,South West,4046.0,3247893.0,116.755
160,2019-04-29,West Midlands,1328.0,987441.0,148.39
161,2019-04-29,Yorkshire and The Humber,4386.0,3394538.0,135.72
162,2019-05-06,East,6241.0,5542414.0,115.09
163,2019-05-06,East Midlands,5102.0,4136951.0,126.25500000000001
164,2019-05-06,London,1434.0,1628656.0,123.605
165,2019-05-06,North East,1378.0,1093487.0,130.72
166,2019-05-06,North West,2858.0,2053637.0,138.03000000000003
167,2019-05-06,South East,1751.0,1570074.0,108.16999999999999
168,2019-05-06,South West,3691.0,3248685.0,105.65
169,2019-05-06,West Midlands,1266.0,987436.0,141.78
170,2019-05-06,Yorkshire and The Humber,4174.0,3394825.0,128.265
171,2019-05-13,East,7036.0,5544039.0,129.54500000000002
172,2019-05-13,East Midlands,5653.0,4137689.0,140.07000000000002
173,2019-05-13,London,1562.0,1629953.0,135.785
174,2019-05-13,North East,1507.0,1093579.0,142.4
175,2019-05-13,North West,3242.0,2053845.0,156.375
176,2019-05-13,South East,1784.0,1570623.0,110.05
177,2019-05-13,South West,4041.0,3249716.0,116.57
178,2019-05-13,West Midlands,1350.0,987585.0,150.88000000000002
179,2019-05-13,Yorkshire and The Humber,4405.0,3395467.0,135.665
180,2019-05-20,East,6991.0,5545561.0,129.025
181,2019-05-20,East Midlands,5741.0,4138706.0,141.85500000000002
182,2019-05-20,London,1591.0,1631340.0,139.135
183,2019-05-20,North East,1501.0,1093681.0,141.35
184,2019-05-20,North West,3169.0,2054041.0,152.96
185,2019-05-20,South East,1842.0,1570857.0,114.04
186,2019-05-20,South West,4038.0,3251302.0,116.40500000000002
187,2019-05-20,West Midlands,1402.0,987676.0,157.61999999999998
188,2019-05-20,Yorkshire and The Humber,4531.0,3395960.0,139.43500000000003
189,2019-05-27,East,6078.0,5546580.0,112.37
190,2019-05-27,East Midlands,4959.0,4139297.0,122.86
191,2019-05-27,London,1345.0,1632552.0,118.33
192,2019-05-27,North East,1433.0,1093663.0,135.965
193,2019-05-27,North West,2877.0,2054189.0,138.74
194,2019-05-27,South East,1594.0,1570993.0,98.13000000000001
195,2019-05-27,South West,3499.0,3258538.0,100.50000000000003
196,2019-05-27,West Midlands,1173.0,987691.0,130.56000000000003
197,2019-05-27,Yorkshire and The Humber,3928.0,3396307.0,121.36500000000002
198,2019-06-03,East,6759.0,5547947.0,124.84000000000002
199,2019-06-03,East Midlands,5498.0,4139777.0,135.65
200,2019-06-03,London,1544.0,1634042.0,133.44
201,2019-06-03,North East,1437.0,1093803.0,135.39000000000004
202,2019-06-03,North West,3125.0,2054253.0,150.685
203,2019-06-03,South East,1780.0,1571302.0,109.60999999999999
204,2019-06-03,South West,3976.0,3260436.0,113.63000000000001
205,2019-06-03,West Midlands,1294.0,987769.0,144.845
206,2019-06-03,Yorkshire and The Humber,4356.0,3396771.0,134.10500000000002
207,2019-06-10,East,6848.0,5549650.0,126.03
208,2019-06-10,East Midlands,5424.0,4140994.0,134.04999999999998
209,2019-06-10,London,1513.0,1635407.0,131.09
210,2019-06-10,North East,1441.0,1093899.0,135.975
211,2019-06-10,North West,3080.0,2054701.0,148.57000000000005
212,2019-06-10,South East,1813.0,1571734.0,111.935
213,2019-06-10,South West,3934.0,3262202.0,112.465
214,2019-06-10,West Midlands,1299.0,987821.0,145.47
215,2019-06-10,Yorkshire and The Humber,4356.0,3397509.0,134.54
216,2019-06-17,East,6739.0,5551720.0,124.185
217,2019-06-17,East Midlands,5440.0,4142320.0,133.99999999999997
218,2019-06-17,London,1569.0,1636723.0,136.68
219,2019-06-17,North East,1396.0,1093917.0,131.79999999999998
220,2019-06-17,North West,3085.0,2054942.0,148.68499999999997
221,2019-06-17,South East,1818.0,1571909.0,112.43
222,2019-06-17,South West,3931.0,3262821.0,112.96999999999998
223,2019-06-17,West Midlands,1294.0,987986.0,143.49500000000003
224,2019-06-17,Yorkshire and The Humber,4397.0,3398291.0,135.39000000000001
225,2019-06-24,East,6736.0,5553791.0,123.925
226,2019-06-24,East Midlands,5438.0,4143381.0,134.22
227,2019-06-24,London,1563.0,1638289.0,135.535
228,2019-06-24,North East,1460.0,1094067.0,137.70000000000002
229,2019-06-24,North West,3195.0,2055285.0,154.05
230,2019-06-24,South East,1833.0,1573106.0,113.02
231,2019-06-24,South West,3920.0,3263541.0,112.385
232,2019-06-24,West Midlands,1290.0,988132.0,143.79999999999998
233,2019-06-24,Yorkshire and The Humber,4454.0,3398811.0,136.925
234,2019-07-01,East,6753.0,5554901.0,124.14
235,2019-07-01,East Midlands,5559.0,4143389.0,136.815
236,2019-07-01,London,1546.0,1638934.0,135.71
237,2019-07-01,North East,1457.0,1093906.0,136.94500000000002
238,2019-07-01,North West,3155.0,2055065.0,151.79500000000002
239,2019-07-01,South East,1738.0,1572953.0,107.425
240,2019-07-01,South West,3860.0,3263488.0,110.905
241,2019-07-01,West Midlands,1313.0,987968.0,146.64000000000001
242,2019-07-01,Yorkshire and The Humber,3923.0,3398686.0,120.34499999999998
243,2019-07-08,East,6796.0,5558840.0,124.97499999999998
244,2019-07-08,East Midlands,5487.0,4145574.0,135.11
245,2019-07-08,London,1585.0,1641011.0,135.92000000000002
246,2019-07-08,North East,1477.0,1094397.0,138.93000000000004
247,2019-07-08,North West,3104.0,2055908.0,149.57000000000002
248,2019-07-08,South East,1776.0,1573644.0,109.39000000000001
249,2019-07-08,South West,3804.0,3265208.0,109.185
250,2019-07-08,West Midlands,1351.0,988334.0,150.60500000000002
251,2019-07-08,Yorkshire and The Humber,3855.0,3400019.0,118.65
252,2019-07-15,East,6664.0,5560538.0,122.38999999999999
253,2019-07-15,East Midlands,5412.0,4145962.0,133.535
254,2019-07-15,London,1462.0,1642053.0,128.055
255,2019-07-15,North East,1416.0,1094493.0,132.835
256,2019-07-15,North West,3086.0,2056207.0,148.505
257,2019-07-15,South East,1769.0,1573514.0,108.65499999999999
258,2019-07-15,South West,3919.0,3265914.0,112.1
259,2019-07-15,West Midlands,1356.0,988504.0,151.915
260,2019-07-15,Yorkshire and The Humber,3842.0,3400129.0,118.465
261,2019-07-22,East,6686.0,5562767.0,122.96499999999997
262,2019-07-22,East Midlands,5516.0,4146712.0,136.24
263,2019-07-22,London,1508.0,1643608.0,133.35000000000002
264,2019-07-22,North East,1456.0,1094721.0,137.32
265,2019-07-22,North West,3016.0,2056534.0,145.54
266,2019-07-22,South East,1790.0,1573660.0,110.255
267,2019-07-22,South West,3874.0,3266621.0,111.04000000000002
268,2019-07-22,West Midlands,1344.0,988571.0,150.99
269,2019-07-22,Yorkshire and The Humber,4090.0,3400709.0,126.02000000000001
270,2019-07-29,East,6697.0,5564489.0,123.25
271,2019-07-29,East Midlands,5317.0,4147542.0,131.01500000000001
272,2019-07-29,London,1482.0,1645051.0,129.04000000000002
273,2019-07-29,North East,1432.0,1094921.0,134.91500000000002
274,2019-07-29,North West,3015.0,2056702.0,145.10999999999999
275,2019-07-29,South East,1742.0,1573821.0,107.345
276,2019-07-29,South West,3787.0,3267316.0,108.09500000000001
277,2019-07-29,West Midlands,1279.0,988612.0,143.36499999999998
278,2019-07-29,Yorkshire and The Humber,4146.0,3401363.0,127.67000000000002
279,2019-08-05,East,6371.0,5566262.0,116.965
280,2019-08-05,East Midlands,5226.0,4148400.0,128.685
281,2019-08-05,London,1442.0,1646428.0,126.565
282,2019-08-05,North East,1407.0,1094941.0,132.35999999999999
283,2019-08-05,North West,2937.0,2056785.0,141.36499999999998
284,2019-08-05,South East,1693.0,1573835.0,103.93500000000003
285,2019-08-05,South West,3717.0,3267856.0,106.3
286,2019-08-05,West Midlands,1213.0,988522.0,136.10500000000002
287,2019-08-05,Yorkshire and The Humber,4234.0,3402000.0,130.62
288,2019-08-12,East,6393.0,5567879.0,117.46000000000001
289,2019-08-12,East Midlands,5289.0,4149550.0,130.29000000000002
290,2019-08-12,London,1413.0,1647314.0,125.495
291,2019-08-12,North East,1384.0,1094972.0,130.87
292,2019-08-12,North West,2849.0,2057140.0,137.49499999999998
293,2019-08-12,South East,1722.0,1574093.0,105.89500000000001
294,2019-08-12,South West,3573.0,3268987.0,101.635
295,2019-08-12,West Midlands,1253.0,988601.0,140.965
296,2019-08-12,Yorkshire and The Humber,4101.0,3402765.0,126.15500000000002
297,2019-08-19,East,6385.0,5569807.0,117.41000000000001
298,2019-08-19,East Midlands,5164.0,4150600.0,127.38000000000001
299,2019-08-19,London,1477.0,1648779.0,131.52
300,2019-08-19,North East,1356.0,1095086.0,127.715
301,2019-08-19,North West,3000.0,2057606.0,144.48499999999999
302,2019-08-19,South East,1693.0,1574379.0,103.985
303,2019-08-19,South West,3666.0,3269948.0,104.27000000000001
304,2019-08-19,West Midlands,1233.0,988556.0,138.29
305,2019-08-19,Yorkshire and The Humber,4169.0,3403380.0,128.345
306,2019-08-26,East,5875.0,5570882.0,108.08000000000001
307,2019-08-26,East Midlands,4776.0,4151341.0,117.50500000000002
308,2019-08-26,London,1324.0,1649813.0,115.735
309,2019-08-26,North East,1264.0,1095232.0,118.72500000000001
310,2019-08-26,North West,2772.0,2057686.0,133.51000000000002
311,2019-08-26,South East,1550.0,1574293.0,95.43500000000002
312,2019-08-26,South West,3365.0,3264430.0,95.63
313,2019-08-26,West Midlands,1149.0,988384.0,128.85500000000002
314,2019-08-26,Yorkshire and The Humber,3966.0,3403249.0,121.92500000000001
315,2019-09-02,East,6245.0,5572611.0,114.52000000000001
316,2019-09-02,East Midlands,5158.0,4152747.0,126.495
317,2019-09-02,London,1413.0,1651420.0,121.96000000000001
318,2019-09-02,North East,1403.0,1095380.0,131.965
319,2019-09-02,North West,2854.0,2058054.0,136.97500000000002
320,2019-09-02,South East,1706.0,1574532.0,104.49000000000001
321,2019-09-02,South West,3678.0,3265907.0,105.03
322,2019-09-02,West Midlands,1286.0,988398.0,143.94500000000002
323,2019-09-02,Yorkshire and The Humber,4249.0,3404266.0,130.45
324,2019-09-09,East,6625.0,5574537.0,121.01500000000001
325,2019-09-09,East Midlands,5434.0,4153932.0,133.145
326,2019-09-09,London,1496.0,1653204.0,132.85500000000002
327,2019-09-09,North East,1440.0,1096200.0,135.4
328,2019-09-09,North West,3079.0,2058413.0,147.62499999999997
329,2019-09-09,South East,1778.0,1574503.0,109.58000000000001
330,2019-09-09,South West,3977.0,3267129.0,114.01
331,2019-09-09,West Midlands,1246.0,988561.0,138.485
332,2019-09-09,Yorkshire and The Humber,4403.0,3405003.0,134.20500000000004
333,2019-09-16,East,6905.0,5575637.0,125.86000000000001
334,2019-09-16,East Midlands,5623.0,4155601.0,137.87000000000003
335,2019-09-16,London,1541.0,1654919.0,133.035
336,2019-09-16,North East,1398.0,1096389.0,130.79500000000002
337,2019-09-16,North West,3211.0,2058759.0,154.0
338,2019-09-16,South East,1786.0,1575577.0,109.70500000000003
339,2019-09-16,South West,3883.0,3269032.0,111.12500000000001
340,2019-09-16,West Midlands,1427.0,988520.0,157.0
341,2019-09-16,Yorkshire and The Humber,4650.0,3406187.0,141.73
342,2019-09-23,East,6944.0,5575928.0,127.17500000000001
343,2019-09-23,East Midlands,5580.0,4159472.0,136.96499999999997
344,2019-09-23,London,1577.0,1656729.0,134.60500000000002
345,2019-09-23,North East,1533.0,1097470.0,143.285
346,2019-09-23,North West,3144.0,2058970.0,151.01
347,2019-09-23,South East,1902.0,1576633.0,116.575
348,2019-09-23,South West,4034.0,3269898.0,115.77999999999999
349,2019-09-23,West Midlands,1359.0,988660.0,150.92
350,2019-09-23,Yorkshire and The Humber,4768.0,3406749.0,145.31500000000003
351,2019-09-30,East,7034.0,5574532.0,128.62
352,2019-09-30,East Midlands,5779.0,4162212.0,141.83
353,2019-09-30,London,1582.0,1658819.0,134.69
354,2019-09-30,North East,1518.0,1098020.0,142.62
355,2019-09-30,North West,3153.0,2058326.0,151.83
356,2019-09-30,South East,1840.0,1577507.0,112.81000000000002
357,2019-09-30,South West,4029.0,3269883.0,115.59000000000002
358,2019-09-30,West Midlands,1339.0,988861.0,148.67500000000004
359,2019-09-30,Yorkshire and The Humber,4615.0,3405666.0,141.13999999999996
360,2019-10-07,East,7063.0,5578184.0,128.865
361,2019-10-07,East Midlands,5815.0,4163824.0,142.5
362,2019-10-07,London,1546.0,1661594.0,132.715
363,2019-10-07,North East,1574.0,1098119.0,147.00000000000003
364,2019-10-07,North West,3304.0,2058674.0,158.27500000000003
365,2019-10-07,South East,1880.0,1578072.0,115.485
366,2019-10-07,South West,4002.0,3271469.0,114.35500000000002
367,2019-10-07,West Midlands,1394.0,989138.0,154.10000000000002
368,2019-10-07,Yorkshire and The Humber,4781.0,3406051.0,146.195
369,2019-10-14,East,7165.0,5580449.0,130.895
370,2019-10-14,East Midlands,6001.0,4165490.0,147.03499999999997
371,2019-10-14,London,1545.0,1664077.0,133.455
372,2019-10-14,North East,1551.0,1098271.0,145.26999999999998
373,2019-10-14,North West,3428.0,2058874.0,163.905
374,2019-10-14,South East,1944.0,1578498.0,119.02
375,2019-10-14,South West,4118.0,3272314.0,117.78499999999997
376,2019-10-14,West Midlands,1475.0,989485.0,162.965
377,2019-10-14,Yorkshire and The Humber,4865.0,3406399.0,148.225
378,2019-10-21,East,7040.0,5582921.0,128.435
379,2019-10-21,East Midlands,5726.0,4167255.0,140.18
380,2019-10-21,London,1489.0,1666576.0,128.78
381,2019-10-21,North East,1595.0,1098453.0,149.235
382,2019-10-21,North West,3284.0,2058901.0,157.805
383,2019-10-21,South East,1908.0,1579056.0,116.86500000000002
384,2019-10-21,South West,4107.0,3279628.0,117.025
385,2019-10-21,West Midlands,1332.0,989698.0,147.445
386,2019-10-21,Yorkshire and The Humber,4689.0,3406853.0,143.05999999999997
387,2019-10-28,East,7277.0,5585513.0,132.685
388,2019-10-28,East Midlands,5760.0,4169275.0,141.255
389,2019-10-28,London,1604.0,1669206.0,140.63
390,2019-10-28,North East,1513.0,1098557.0,141.6
391,2019-10-28,North West,3367.0,2059163.0,161.26999999999998
392,2019-10-28,South East,1906.0,1579456.0,116.93
393,2019-10-28,South West,4163.0,3280592.0,118.97999999999999
394,2019-10-28,West Midlands,1417.0,989700.0,157.7
395,2019-10-28,Yorkshire and The Humber,4737.0,3407446.0,144.62500000000003
396,2019-11-04,East,7345.0,5587880.0,133.575
397,2019-11-04,East Midlands,6051.0,4171571.0,147.72
398,2019-11-04,London,1577.0,1671434.0,135.60999999999999
399,2019-11-04,North East,1593.0,1098642.0,148.265
400,2019-11-04,North West,3487.0,2059074.0,167.22499999999997
401,2019-11-04,South East,2046.0,1579657.0,125.47
402,2019-11-04,South West,4375.0,3281492.0,124.92
403,2019-11-04,West Midlands,1373.0,989629.0,152.63000000000002
404,2019-11-04,Yorkshire and The Humber,4934.0,3408145.0,150.265
405,2019-11-11,East,7300.0,5590413.0,132.93500000000003
406,2019-11-11,East Midlands,6008.0,4173130.0,146.36500000000004
407,2019-11-11,London,1629.0,1673985.0,137.0
408,2019-11-11,North East,1624.0,1098708.0,151.88499999999996
409,2019-11-11,North West,3554.0,2059215.0,170.66000000000003
410,2019-11-11,South East,1934.0,1580129.0,118.52
411,2019-11-11,South West,4409.0,3282188.0,126.30000000000003
412,2019-11-11,West Midlands,1366.0,989989.0,151.42999999999998
413,2019-11-11,Yorkshire and The Humber,4940.0,3408693.0,150.265
414,2019-11-18,East,7475.0,5592228.0,135.575
415,2019-11-18,East Midlands,6235.0,4175116.0,152.13
416,2019-11-18,London,1665.0,1675727.0,142.04
417,2019-11-18,North East,1690.0,1098820.0,157.57500000000002
418,2019-11-18,North West,3624.0,2059397.0,173.8
419,2019-11-18,South East,2023.0,1580496.0,123.96000000000001
420,2019-11-18,South West,4488.0,3282963.0,128.39000000000001
421,2019-11-18,West Midlands,1515.0,989582.0,165.63500000000005
422,2019-11-18,Yorkshire and The Humber,5169.0,3409349.0,156.695
423,2019-11-25,East,7551.0,5593193.0,137.17499999999998
424,2019-11-25,East Midlands,6446.0,4176674.0,157.24000000000004
425,2019-11-25,London,1680.0,1676305.0,144.22500000000002
426,2019-11-25,North East,1701.0,1098992.0,158.515
427,2019-11-25,North West,3740.0,2059580.0,179.44999999999996
428,2019-11-25,South East,2011.0,1580655.0,123.705
429,2019-11-25,South West,4508.0,3283949.0,129.0
430,2019-11-25,West Midlands,1459.0,989687.0,161.265
431,2019-11-25,Yorkshire and The Humber,5311.0,3409969.0,161.25
432,2019-12-02,East,7743.0,5594761.0,140.07
433,2019-12-02,East Midlands,6354.0,4178576.0,154.64
434,2019-12-02,London,1639.0,1677558.0,140.07500000000002
435,2019-12-02,North East,1715.0,1098998.0,159.625
436,2019-12-02,North West,3607.0,2059608.0,172.415
437,2019-12-02,South East,2010.0,1580836.0,123.05499999999999
438,2019-12-02,South West,4614.0,3285916.0,132.15000000000003
439,2019-12-02,West Midlands,1490.0,989781.0,162.54999999999998
440,2019-12-02,Yorkshire and The Humber,5167.0,3410426.0,156.175
441,2019-12-09,East,8006.0,5595942.0,144.965
442,2019-12-09,East Midlands,6442.0,4179369.0,156.82500000000002
443,2019-12-09,London,1722.0,1679025.0,146.245
444,2019-12-09,North East,1771.0,1099125.0,165.64499999999998
445,2019-12-09,North West,3916.0,2059685.0,187.54499999999996
446,2019-12-09,South East,2082.0,1580982.0,127.955
447,2019-12-09,South West,4694.0,3287151.0,134.32500000000002
448,2019-12-09,West Midlands,1537.0,989844.0,167.675
449,2019-12-09,Yorkshire and The Humber,5208.0,3410643.0,158.335
450,2019-12-16,East,8092.0,5597237.0,146.77
451,2019-12-16,East Midlands,6560.0,4179854.0,160.06000000000003
452,2019-12-16,London,1800.0,1679804.0,154.04
453,2019-12-16,North East,1725.0,1099212.0,161.605
454,2019-12-16,North West,3662.0,2059799.0,175.275
455,2019-12-16,South East,2205.0,1581046.0,134.92000000000002
456,2019-12-16,South West,4862.0,3288188.0,138.22000000000003
457,2019-12-16,West Midlands,1525.0,989898.0,168.51500000000001
458,2019-12-16,Yorkshire and The Humber,5254.0,3410837.0,159.91
459,2019-12-23,East,6080.0,5598542.0,109.99499999999999
460,2019-12-23,East Midlands,5043.0,4180198.0,123.195
461,2019-12-23,London,1202.0,1680347.0,106.11999999999999
462,2019-12-23,North East,1402.0,1099191.0,131.675
463,2019-12-23,North West,2821.0,2059724.0,135.31
464,2019-12-23,South East,1628.0,1581127.0,98.96000000000001
465,2019-12-23,South West,3753.0,3288765.0,106.05000000000001
466,2019-12-23,West Midlands,1261.0,989793.0,139.87
467,2019-12-23,Yorkshire and The Humber,4070.0,3411082.0,124.19999999999999
468,2019-12-30,East,7149.0,5599246.0,129.97500000000002
469,2019-12-30,East Midlands,5793.0,4180506.0,141.62
470,2019-12-30,London,1455.0,1680661.0,126.8
471,2019-12-30,North East,1582.0,1099227.0,148.35999999999999
472,2019-12-30,North West,3220.0,2059741.0,155.04500000000002
473,2019-12-30,South East,1898.0,1581006.0,115.61000000000001
474,2019-12-30,South West,4171.0,3289260.0,118.08
475,2019-12-30,West Midlands,1306.0,989861.0,145.51
476,2019-12-30,Yorkshire and The Humber,4598.0,3411140.0,140.825
477,2020-01-06,East,7733.0,5599969.0,140.57
478,2020-01-06,East Midlands,6101.0,4180631.0,148.755
479,2020-01-06,London,1684.0,1681316.0,143.63500000000002
480,2020-01-06,North East,1676.0,1099151.0,156.48999999999998
481,2020-01-06,North West,3583.0,2059663.0,171.78500000000003
482,2020-01-06,South East,2071.0,1581009.0,126.295
483,2020-01-06,South West,4683.0,3289556.0,131.985
484,2020-01-06,West Midlands,1505.0,989946.0,168.06499999999997
485,2020-01-06,Yorkshire and The Humber,5007.0,3411266.0,153.215
486,2020-01-13,East,7283.0,5601463.0,132.59
487,2020-01-13,East Midlands,5930.0,4181344.0,144.86499999999998
488,2020-01-13,London,1615.0,1682869.0,137.93000000000004
489,2020-01-13,North East,1616.0,1099314.0,151.545
490,2020-01-13,North West,3370.0,2059904.0,161.38
491,2020-01-13,South East,1939.0,1581075.0,118.19
492,2020-01-13,South West,4476.0,3290588.0,126.79
493,2020-01-13,West Midlands,1418.0,990179.0,158.84
494,2020-01-13,Yorkshire and The Humber,4762.0,3411713.0,145.69
495,2020-01-20,East,7294.0,5603613.0,132.435
496,2020-01-20,East Midlands,5970.0,4182244.0,145.84
497,2020-01-20,London,1680.0,1684030.0,142.67
498,2020-01-20,North East,1586.0,1099471.0,148.815
499,2020-01-20,North West,3396.0,2060136.0,162.735
500,2020-01-20,South East,1996.0,1581206.0,121.58500000000001
501,2020-01-20,South West,4285.0,3284801.0,121.93
502,2020-01-20,West Midlands,1396.0,990342.0,156.915
503,2020-01-20,Yorkshire and The Humber,4776.0,3412211.0,146.13
504,2020-01-27,East,7689.0,5605400.0,139.915
505,2020-01-27,East Midlands,5980.0,4183561.0,146.07500000000002
506,2020-01-27,London,1647.0,1685606.0,139.535
507,2020-01-27,North East,1641.0,1099708.0,153.975
508,2020-01-27,North West,3373.0,2060356.0,161.74499999999998
509,2020-01-27,South East,2129.0,1581634.0,129.98
510,2020-01-27,South West,4545.0,3285922.0,129.66500000000002
511,2020-01-27,West Midlands,1512.0,990506.0,167.8
512,2020-01-27,Yorkshire and The Humber,4724.0,3412635.0,144.05999999999997
513,2020-02-03,East,7344.0,5607040.0,133.17999999999998
514,2020-02-03,East Midlands,5891.0,4184854.0,143.41500000000002
515,2020-02-03,London,1641.0,1687526.0,139.8
516,2020-02-03,North East,1612.0,1099882.0,150.735
517,2020-02-03,North West,3337.0,2060588.0,160.02499999999998
518,2020-02-03,South East,1984.0,1581954.0,121.07499999999999
519,2020-02-03,South West,4430.0,3286377.0,126.33500000000002
520,2020-02-03,West Midlands,1446.0,990649.0,160.80999999999997
521,2020-02-03,Yorkshire and The Humber,4743.0,3413302.0,144.325
522,2020-02-10,East,7395.0,5608262.0,134.37
523,2020-02-10,East Midlands,5989.0,4185536.0,146.13000000000002
524,2020-02-10,London,1569.0,1688457.0,131.64000000000001
525,2020-02-10,North East,1572.0,1099908.0,146.89000000000001
526,2020-02-10,North West,3225.0,2060832.0,154.285
527,2020-02-10,South East,1998.0,1582250.0,121.58999999999999
528,2020-02-10,South West,4401.0,3287128.0,125.20500000000003
529,2020-02-10,West Midlands,1419.0,991050.0,158.41
530,2020-02-10,Yorkshire and The Humber,4818.0,3413605.0,147.03999999999996
531,2020-02-17,East,7424.0,5609470.0,134.73000000000002
532,2020-02-17,East Midlands,5665.0,4186134.0,137.955
533,2020-02-17,London,1514.0,1689496.0,128.15499999999997
534,2020-02-17,North East,1471.0,1099983.0,137.93500000000003
535,2020-02-17,North West,3222.0,2061053.0,154.59
536,2020-02-17,South East,1928.0,1582542.0,117.74499999999998
537,2020-02-17,South West,4128.0,3287841.0,117.75
538,2020-02-17,West Midlands,1360.0,991319.0,151.785
539,2020-02-17,Yorkshire and The Humber,4624.0,3414025.0,141.325
540,2020-02-24,East,7273.0,5610875.0,132.14999999999998
541,2020-02-24,East Midlands,5955.0,4186383.0,145.21
542,2020-02-24,London,1596.0,1690642.0,136.05499999999998
543,2020-02-24,North East,1592.0,1100096.0,149.00500000000002
544,2020-02-24,North West,3330.0,2061204.0,159.715
545,2020-02-24,South East,2012.0,1582618.0,122.60000000000002
546,2020-02-24,South West,4373.0,3288600.0,124.70000000000003
547,2020-02-24,West Midlands,1404.0,991375.0,157.25
548,2020-02-24,Yorkshire and The Humber,4748.0,3414244.0,145.22
549,2020-03-02,East,7319.0,5614026.0,132.41500000000002
550,2020-03-02,East Midlands,5856.0,4186598.0,142.335
551,2020-03-02,London,1600.0,1691540.0,134.84
552,2020-03-02,North East,1553.0,1100100.0,145.47
553,2020-03-02,North West,3197.0,2061435.0,152.80999999999997
554,2020-03-02,South East,1931.0,1582929.0,117.705
555,2020-03-02,South West,4282.0,3289143.0,121.885
556,2020-03-02,West Midlands,1515.0,991348.0,168.89000000000001
557,2020-03-02,Yorkshire and The Humber,4750.0,3414515.0,144.51000000000005
558,2020-03-09,East,6744.0,5617456.0,122.405
559,2020-03-09,East Midlands,5305.0,4186921.0,129.22
560,2020-03-09,London,1351.0,1692753.0,113.80500000000002
561,2020-03-09,North East,1520.0,1100298.0,141.89000000000001
562,2020-03-09,North West,3198.0,2061641.0,153.33000000000004
563,2020-03-09,South East,1842.0,1583141.0,112.72000000000001
564,2020-03-09,South West,4170.0,3289684.0,118.51
565,2020-03-09,West Midlands,1317.0,991483.0,146.56
566,2020-03-09,Yorkshire and The Humber,4509.0,3415150.0,137.01999999999998
567,2020-03-16,East,5060.0,5618939.0,91.555
568,2020-03-16,East Midlands,4042.0,4187055.0,98.33
569,2020-03-16,London,998.0,1693552.0,86.53499999999998
570,2020-03-16,North East,1121.0,1100292.0,104.905
571,2020-03-16,North West,2433.0,2061635.0,116.61500000000001
572,2020-03-16,South East,1356.0,1583479.0,82.77
573,2020-03-16,South West,3028.0,3296748.0,85.95500000000001
574,2020-03-16,West Midlands,977.0,991391.0,110.18000000000002
575,2020-03-16,Yorkshire and The Humber,3653.0,3415416.0,111.39
576,2020-03-23,East,3986.0,5620516.0,72.335
577,2020-03-23,East Midlands,3215.0,4187419.0,78.545
578,2020-03-23,London,886.0,1693945.0,77.96000000000002
579,2020-03-23,North East,812.0,1100170.0,76.36999999999999
580,2020-03-23,North West,1815.0,2061599.0,86.99000000000001
581,2020-03-23,South East,1027.0,1583405.0,62.405
582,2020-03-23,South West,2238.0,3297359.0,63.27
583,2020-03-23,West Midlands,883.0,991285.0,100.20000000000002
584,2020-03-23,Yorkshire and The Humber,2474.0,3415552.0,75.94
585,2020-03-30,East,3979.0,5621279.0,72.35000000000001
586,2020-03-30,East Midlands,3288.0,4187502.0,80.545
587,2020-03-30,London,985.0,1693797.0,89.61
588,2020-03-30,North East,918.0,1100129.0,86.27000000000001
589,2020-03-30,North West,1835.0,2061641.0,87.76
590,2020-03-30,South East,1102.0,1583613.0,66.75999999999999
591,2020-03-30,South West,2120.0,3297733.0,59.56000000000001
592,2020-03-30,West Midlands,922.0,991018.0,105.365
593,2020-03-30,Yorkshire and The Humber,2523.0,3415587.0,77.605
594,2020-04-06,East,3615.0,5621280.0,65.785
595,2020-04-06,East Midlands,3095.0,4187098.0,75.69500000000001
596,2020-04-06,London,843.0,1693510.0,76.025
597,2020-04-06,North East,834.0,1100104.0,78.21
598,2020-04-06,North West,1665.0,2061435.0,79.32999999999998
599,2020-04-06,South East,965.0,1583532.0,58.235
600,2020-04-06,South West,2008.0,3297698.0,56.435
601,2020-04-06,West Midlands,804.0,991264.0,91.49000000000001
602,2020-04-06,Yorkshire and The Humber,2317.0,3415424.0,71.32000000000002
603,2020-04-13,East,3332.0,5620196.0,60.52
604,2020-04-13,East Midlands,2872.0,4186453.0,70.45499999999998
605,2020-04-13,London,671.0,1693412.0,59.915000000000006
606,2020-04-13,North East,779.0,1099821.0,73.31500000000001
607,2020-04-13,North West,1558.0,2060959.0,74.6
608,2020-04-13,South East,947.0,1583248.0,56.830000000000005
609,2020-04-13,South West,1935.0,3297406.0,54.405
610,2020-04-13,West Midlands,703.0,990891.0,79.74499999999999
611,2020-04-13,Yorkshire and The Humber,2285.0,3414977.0,70.55
612,2020-04-20,East,3634.0,5618875.0,66.32000000000001
613,2020-04-20,East Midlands,3035.0,4185396.0,74.43
614,2020-04-20,London,619.0,1693169.0,54.830000000000005
615,2020-04-20,North East,858.0,1099633.0,81.14999999999999
616,2020-04-20,North West,1621.0,2060449.0,78.025
617,2020-04-20,South East,1044.0,1582992.0,63.535
618,2020-04-20,South West,2149.0,3297018.0,60.43000000000001
619,2020-04-20,West Midlands,716.0,990343.0,81.215
620,2020-04-20,Yorkshire and The Humber,2443.0,3414454.0,75.495
621,2020-04-27,East,3743.0,5619043.0,68.185
622,2020-04-27,East Midlands,3215.0,4184666.0,78.69
623,2020-04-27,London,646.0,1693043.0,55.364999999999995
624,2020-04-27,North East,913.0,1099342.0,85.75500000000001
625,2020-04-27,North West,1807.0,2059979.0,86.86500000000002
626,2020-04-27,South East,1080.0,1582683.0,65.42
627,2020-04-27,South West,2237.0,3296472.0,63.019999999999996
628,2020-04-27,West Midlands,831.0,990003.0,94.405
629,2020-04-27,Yorkshire and The Humber,2522.0,3413798.0,77.875
630,2020-05-04,East,3707.0,5618864.0,67.38
631,2020-05-04,East Midlands,3157.0,4184231.0,77.09500000000001
632,2020-05-04,London,649.0,1692927.0,57.3
633,2020-05-04,North East,860.0,1099199.0,80.63
634,2020-05-04,North West,1672.0,2059696.0,80.30000000000001
635,2020-05-04,South East,1121.0,1582455.0,68.09
636,2020-05-04,South West,2212.0,3296340.0,61.720000000000006
637,2020-05-04,West Midlands,834.0,989840.0,94.555
638,2020-05-04,Yorkshire and The Humber,2434.0,3413278.0,75.00500000000001
639,2020-05-11,East,3940.0,5618567.0,71.795
640,2020-05-11,East Midlands,3299.0,4183883.0,80.65
641,2020-05-11,London,701.0,1692941.0,62.86000000000001
642,2020-05-11,North East,913.0,1098984.0,85.83500000000001
643,2020-05-11,North West,1711.0,2059549.0,82.07000000000001
644,2020-05-11,South East,1120.0,1582230.0,67.74
645,2020-05-11,South West,2392.0,3296145.0,67.16499999999999
646,2020-05-11,West Midlands,762.0,989683.0,86.59
647,2020-05-11,Yorkshire and The Humber,2518.0,3412965.0,77.86
648,2020-05-18,East,4077.0,5619079.0,74.29500000000002
649,2020-05-18,East Midlands,3419.0,4183779.0,83.685
650,2020-05-18,London,753.0,1693132.0,66.8
651,2020-05-18,North East,951.0,1098928.0,88.95
652,2020-05-18,North West,1899.0,2059417.0,91.165
653,2020-05-18,South East,1133.0,1581979.0,68.355
654,2020-05-18,South West,2426.0,3296178.0,68.15
655,2020-05-18,West Midlands,841.0,989638.0,95.41000000000001
656,2020-05-18,Yorkshire and The Humber,2566.0,3413035.0,79.12
657,2020-05-25,East,3794.0,5619162.0,69.135
658,2020-05-25,East Midlands,3158.0,4183364.0,77.33500000000001
659,2020-05-25,London,755.0,1693178.0,66.33
660,2020-05-25,North East,845.0,1098806.0,79.51
661,2020-05-25,North West,1703.0,2059335.0,81.825
662,2020-05-25,South East,1157.0,1581819.0,70.30000000000001
663,2020-05-25,South West,2423.0,3296133.0,67.72
664,2020-05-25,West Midlands,769.0,989492.0,87.93500000000002
665,2020-05-25,Yorkshire and The Humber,2484.0,3412727.0,76.555
666,2020-06-01,East,4158.0,5619814.0,75.735
667,2020-06-01,East Midlands,3508.0,4183344.0,85.55
668,2020-06-01,London,824.0,1693607.0,71.61500000000001
669,2020-06-01,North East,949.0,1098763.0,89.65500000000002
670,2020-06-01,North West,1873.0,2059381.0,89.735
671,2020-06-01,South East,1229.0,1581850.0,74.375
672,2020-06-01,South West,2654.0,3296409.0,74.37
673,2020-06-01,West Midlands,941.0,989447.0,106.255
674,2020-06-01,Yorkshire and The Humber,2689.0,3412678.0,82.83
675,2020-06-08,East,4221.0,5620443.0,76.8
676,2020-06-08,East Midlands,3618.0,4182964.0,88.33500000000001
677,2020-06-08,London,843.0,1693675.0,73.97
678,2020-06-08,North East,937.0,1098754.0,87.925
679,2020-06-08,North West,1891.0,2059503.0,90.62
680,2020-06-08,South East,1298.0,1581806.0,78.58500000000001
681,2020-06-08,South West,2677.0,3296652.0,74.94500000000001
682,2020-06-08,West Midlands,928.0,989428.0,104.42999999999999
683,2020-06-08,Yorkshire and The Humber,2700.0,3412608.0,83.20500000000001
684,2020-06-15,East,4520.0,5621136.0,82.19
685,2020-06-15,East Midlands,3747.0,4182738.0,91.32500000000002
686,2020-06-15,London,868.0,1693981.0,73.37999999999998
687,2020-06-15,North East,1017.0,1098614.0,95.615
688,2020-06-15,North West,2025.0,2059645.0,96.88500000000002
689,2020-06-15,South East,1234.0,1581599.0,74.755
690,2020-06-15,South West,2611.0,3290181.0,73.31500000000001
691,2020-06-15,West Midlands,936.0,989398.0,105.785
692,2020-06-15,Yorkshire and The Humber,2769.0,3412795.0,85.485
693,2020-06-22,East,4736.0,5621956.0,86.43500000000002
694,2020-06-22,East Midlands,3909.0,4182211.0,95.50500000000002
695,2020-06-22,London,896.0,1694269.0,78.335
696,2020-06-22,North East,1059.0,1098626.0,99.68500000000002
697,2020-06-22,North West,2157.0,2059731.0,103.775
698,2020-06-22,South East,1363.0,1581623.0,82.64
699,2020-06-22,South West,2871.0,3290373.0,80.535
700,2020-06-22,West Midlands,1075.0,989273.0,122.23499999999999
701,2020-06-22,Yorkshire and The Humber,2967.0,3412808.0,91.16499999999999
702,2020-06-29,East,4801.0,5622870.0,87.41
703,2020-06-29,East Midlands,3834.0,4181126.0,93.72
704,2020-06-29,London,917.0,1694520.0,79.85
705,2020-06-29,North East,1091.0,1098657.0,102.44500000000001
706,2020-06-29,North West,2167.0,2059918.0,104.27
707,2020-06-29,South East,1269.0,1581676.0,77.2
708,2020-06-29,South West,2852.0,3290688.0,80.57
709,2020-06-29,West Midlands,1013.0,989157.0,114.72500000000002
710,2020-06-29,Yorkshire and The Humber,2820.0,3412997.0,86.71000000000001
711,2020-07-06,East,4810.0,5624129.0,87.38000000000002
712,2020-07-06,East Midlands,3872.0,4181278.0,94.42500000000001
713,2020-07-06,London,882.0,1694808.0,75.11
714,2020-07-06,North East,1056.0,1098610.0,99.025
715,2020-07-06,North West,2140.0,2060061.0,102.835
716,2020-07-06,South East,1315.0,1581962.0,79.59
717,2020-07-06,South West,2884.0,3291160.0,80.94
718,2020-07-06,West Midlands,1068.0,989250.0,121.05499999999998
719,2020-07-06,Yorkshire and The Humber,3032.0,3413147.0,92.9
720,2020-07-13,East,4945.0,5624815.0,89.81999999999998
721,2020-07-13,East Midlands,4006.0,4181066.0,97.64
722,2020-07-13,London,951.0,1695211.0,82.20500000000001
723,2020-07-13,North East,1074.0,1098698.0,100.64000000000001
724,2020-07-13,North West,2096.0,2060213.0,100.285
725,2020-07-13,South East,1389.0,1581643.0,84.14
726,2020-07-13,South West,2875.0,3291313.0,80.915
727,2020-07-13,West Midlands,1104.0,989115.0,124.69500000000001
728,2020-07-13,Yorkshire and The Humber,3075.0,3413519.0,94.69500000000001
729,2020-07-20,East,5106.0,5625498.0,93.0
730,2020-07-20,East Midlands,3887.0,4181147.0,94.875
731,2020-07-20,London,1028.0,1695350.0,87.53500000000001
732,2020-07-20,North East,1136.0,1098724.0,106.515
733,2020-07-20,North West,2203.0,2062490.0,105.37
734,2020-07-20,South East,1421.0,1581755.0,85.83000000000001
735,2020-07-20,South West,3023.0,3291185.0,85.00000000000001
736,2020-07-20,West Midlands,1130.0,989060.0,128.295
737,2020-07-20,Yorkshire and The Humber,3172.0,3413842.0,97.75999999999999
738,2020-07-27,East,5271.0,5626552.0,95.61500000000002
739,2020-07-27,East Midlands,3946.0,4181000.0,96.46000000000001
740,2020-07-27,London,989.0,1695657.0,84.45
741,2020-07-27,North East,1126.0,1098786.0,105.445
742,2020-07-27,North West,2279.0,2062830.0,109.09
743,2020-07-27,South East,1320.0,1581798.0,80.00999999999999
744,2020-07-27,South West,2963.0,3291367.0,83.19
745,2020-07-27,West Midlands,1087.0,988900.0,122.31500000000001
746,2020-07-27,Yorkshire and The Humber,3194.0,3414120.0,98.19500000000001
747,2020-08-03,East,5100.0,5627197.0,92.46
748,2020-08-03,East Midlands,4054.0,4181291.0,98.74000000000001
749,2020-08-03,London,1009.0,1695534.0,85.13
750,2020-08-03,North East,1143.0,1098822.0,107.12
751,2020-08-03,North West,2289.0,2063048.0,109.395
752,2020-08-03,South East,1428.0,1581834.0,86.52
753,2020-08-03,South West,3007.0,3291654.0,84.45
754,2020-08-03,West Midlands,1121.0,988724.0,126.20499999999998
755,2020-08-03,Yorkshire and The Humber,3177.0,3414203.0,97.8
756,2020-08-10,East,5294.0,5627925.0,96.105
757,2020-08-10,East Midlands,4071.0,4181352.0,99.015
758,2020-08-10,London,1092.0,1696059.0,95.30500000000002
759,2020-08-10,North East,1212.0,1098845.0,113.05499999999999
760,2020-08-10,North West,2427.0,2063433.0,115.87000000000002
761,2020-08-10,South East,1514.0,1581979.0,91.82000000000001
762,2020-08-10,South West,3141.0,3298816.0,87.68499999999997
763,2020-08-10,West Midlands,1184.0,988734.0,133.675
764,2020-08-10,Yorkshire and The Humber,3195.0,3414686.0,98.15499999999999
765,2020-08-17,East,5146.0,5628105.0,93.42999999999999
766,2020-08-17,East Midlands,4260.0,4181443.0,103.78999999999999
767,2020-08-17,London,991.0,1696354.0,84.315
768,2020-08-17,North East,1229.0,1098996.0,115.025
769,2020-08-17,North West,2327.0,2063745.0,111.39499999999998
770,2020-08-17,South East,1450.0,1581742.0,88.58000000000001
771,2020-08-17,South West,3134.0,3299063.0,87.83
772,2020-08-17,West Midlands,1095.0,988562.0,123.94
773,2020-08-17,Yorkshire and The Humber,3374.0,3415067.0,103.58
774,2020-08-24,East,5191.0,5628592.0,94.28500000000001
775,2020-08-24,East Midlands,4221.0,4181448.0,102.84500000000001
776,2020-08-24,London,1043.0,1695605.0,89.28
777,2020-08-24,North East,1130.0,1099010.0,105.89499999999997
778,2020-08-24,North West,2459.0,2063902.0,117.69500000000002
779,2020-08-24,South East,1497.0,1581412.0,90.78499999999998
780,2020-08-24,South West,3139.0,3299147.0,88.415
781,2020-08-24,West Midlands,1132.0,988454.0,127.97999999999999
782,2020-08-24,Yorkshire and The Humber,3369.0,3415217.0,103.65
783,2020-08-31,East,5178.0,5630205.0,93.925
784,2020-08-31,East Midlands,4128.0,4181111.0,100.70500000000001
785,2020-08-31,London,987.0,1694625.0,84.295
786,2020-08-31,North East,1078.0,1099056.0,101.435
787,2020-08-31,North West,2292.0,2063960.0,109.215
788,2020-08-31,South East,1404.0,1581053.0,85.01
789,2020-08-31,South West,3002.0,3299238.0,84.05000000000001
790,2020-08-31,West Midlands,1080.0,988347.0,121.845
791,2020-08-31,Yorkshire and The Humber,3229.0,3415327.0,98.915
792,2020-09-07,East,5641.0,5632037.0,101.56000000000002
793,2020-09-07,East Midlands,4476.0,4182091.0,108.66
794,2020-09-07,London,1095.0,1694893.0,90.81
795,2020-09-07,North East,1356.0,1099286.0,126.25500000000001
796,2020-09-07,North West,2598.0,2064422.0,123.96
797,2020-09-07,South East,1495.0,1581222.0,90.82000000000001
798,2020-09-07,South West,3337.0,3300350.0,93.77499999999999
799,2020-09-07,West Midlands,1167.0,988314.0,130.31
800,2020-09-07,Yorkshire and The Humber,3542.0,3415841.0,108.53500000000001
801,2020-09-14,East,5796.0,5632397.0,104.435
802,2020-09-14,East Midlands,4595.0,4182624.0,111.54
803,2020-09-14,London,1172.0,1693422.0,98.88000000000001
804,2020-09-14,North East,1310.0,1099309.0,122.205
805,2020-09-14,North West,2595.0,2064598.0,123.62
806,2020-09-14,South East,1522.0,1581010.0,92.39500000000001
807,2020-09-14,South West,3560.0,3301079.0,100.54
808,2020-09-14,West Midlands,1229.0,988057.0,136.22
809,2020-09-14,Yorkshire and The Humber,3681.0,3415990.0,112.33500000000001
810,2020-09-21,East,5919.0,5632792.0,107.165
811,2020-09-21,East Midlands,4511.0,4183738.0,109.74000000000001
812,2020-09-21,London,1066.0,1694913.0,91.41499999999999
813,2020-09-21,North East,1298.0,1099384.0,121.04000000000002
814,2020-09-21,North West,2657.0,2064692.0,126.59000000000002
815,2020-09-21,South East,1607.0,1581257.0,97.67999999999999
816,2020-09-21,South West,3496.0,3301859.0,98.33000000000001
817,2020-09-21,West Midlands,1209.0,988179.0,136.50500000000002
818,2020-09-21,Yorkshire and The Humber,3848.0,3416272.0,117.74
819,2020-09-28,East,5885.0,5632734.0,106.57
820,2020-09-28,East Midlands,4781.0,4184520.0,116.33000000000003
821,2020-09-28,London,1146.0,1696393.0,96.465
822,2020-09-28,North East,1356.0,1100141.0,126.99000000000001
823,2020-09-28,North West,2721.0,2064514.0,129.63500000000002
824,2020-09-28,South East,1645.0,1580978.0,99.63499999999999
825,2020-09-28,South West,3499.0,3302109.0,98.115
826,2020-09-28,West Midlands,1195.0,988021.0,134.365
827,2020-09-28,Yorkshire and The Humber,3841.0,3415909.0,117.57499999999999
828,2020-10-05,East,5795.0,5633851.0,104.47000000000001
829,2020-10-05,East Midlands,4702.0,4188686.0,114.235
830,2020-10-05,London,1158.0,1698302.0,98.685
831,2020-10-05,North East,1356.0,1100256.0,127.22000000000001
832,2020-10-05,North West,2756.0,2064788.0,131.04500000000002
833,2020-10-05,South East,1606.0,1581332.0,97.47000000000001
834,2020-10-05,South West,3586.0,3302543.0,100.30000000000001
835,2020-10-05,West Midlands,1141.0,988064.0,129.325
836,2020-10-05,Yorkshire and The Humber,3799.0,3416022.0,116.13000000000002
837,2020-10-12,East,5950.0,5634966.0,107.525
838,2020-10-12,East Midlands,4731.0,4189047.0,114.62000000000002
839,2020-10-12,London,1202.0,1699437.0,100.95500000000001
840,2020-10-12,North East,1282.0,1100382.0,119.565
841,2020-10-12,North West,2659.0,2065372.0,126.30000000000001
842,2020-10-12,South East,1638.0,1581858.0,99.035
843,2020-10-12,South West,3534.0,3302995.0,98.995
844,2020-10-12,West Midlands,1203.0,988040.0,135.385
845,2020-10-12,Yorkshire and The Humber,3784.0,3416252.0,115.725
846,2020-10-19,East,6041.0,5636488.0,109.15500000000002
847,2020-10-19,East Midlands,4739.0,4189800.0,115.15500000000002
848,2020-10-19,London,1196.0,1700428.0,100.79
849,2020-10-19,North East,1269.0,1100341.0,119.03
850,2020-10-19,North West,2738.0,2067092.0,130.11
851,2020-10-19,South East,1653.0,1582108.0,100.28
852,2020-10-19,South West,3519.0,3303490.0,98.93
853,2020-10-19,West Midlands,1189.0,988081.0,133.98000000000002
854,2020-10-19,Yorkshire and The Humber,3846.0,3416469.0,118.02000000000001
855,2020-10-26,East,5857.0,5638350.0,105.89999999999999
856,2020-10-26,East Midlands,4474.0,4190343.0,108.765
857,2020-10-26,London,1208.0,1701617.0,103.85500000000002
858,2020-10-26,North East,1247.0,1100405.0,117.03500000000001
859,2020-10-26,North West,2575.0,2067158.0,122.61000000000001
860,2020-10-26,South East,1599.0,1582481.0,97.24499999999999
861,2020-10-26,South West,3461.0,3304154.0,96.895
862,2020-10-26,West Midlands,1017.0,988175.0,113.875
863,2020-10-26,Yorkshire and The Humber,3726.0,3416582.0,114.335
864,2020-11-02,East,5620.0,5639340.0,101.52
865,2020-11-02,East Midlands,4612.0,4191267.0,111.80000000000001
866,2020-11-02,London,1094.0,1702665.0,91.385
867,2020-11-02,North East,1252.0,1100451.0,116.69000000000001
868,2020-11-02,North West,2613.0,2067226.0,124.295
869,2020-11-02,South East,1579.0,1582689.0,95.395
870,2020-11-02,South West,3365.0,3304550.0,94.355
871,2020-11-02,West Midlands,944.0,988296.0,105.555
872,2020-11-02,Yorkshire and The Humber,3799.0,3417067.0,116.40999999999998
873,2020-11-09,East,5935.0,5640632.0,107.025
874,2020-11-09,East Midlands,4646.0,4192070.0,112.81000000000002
875,2020-11-09,London,1154.0,1703412.0,97.17
876,2020-11-09,North East,1266.0,1100533.0,118.23
877,2020-11-09,North West,2649.0,2067316.0,125.81500000000001
878,2020-11-09,South East,1613.0,1582563.0,98.26
879,2020-11-09,South West,3348.0,3298322.0,94.32000000000001
880,2020-11-09,West Midlands,972.0,988451.0,109.60500000000002
881,2020-11-09,Yorkshire and The Humber,3903.0,3417489.0,119.47000000000003
882,2020-11-16,East,5611.0,5641769.0,100.94999999999999
883,2020-11-16,East Midlands,4518.0,4192687.0,109.73499999999999
884,2020-11-16,London,1139.0,1704257.0,97.735
885,2020-11-16,North East,1160.0,1100518.0,108.60000000000001
886,2020-11-16,North West,2568.0,2067434.0,121.82000000000001
887,2020-11-16,South East,1549.0,1582927.0,94.115
888,2020-11-16,South West,3198.0,3299078.0,90.19000000000001
889,2020-11-16,West Midlands,978.0,988522.0,110.64
890,2020-11-16,Yorkshire and The Humber,3627.0,3417547.0,110.805
891,2020-11-23,East,5408.0,5643044.0,97.735
892,2020-11-23,East Midlands,4491.0,4193148.0,109.05000000000001
893,2020-11-23,London,1106.0,1704949.0,93.99499999999999
894,2020-11-23,North East,1115.0,1100520.0,104.25999999999999
895,2020-11-23,North West,2511.0,2067249.0,119.57000000000002
896,2020-11-23,South East,1470.0,1582986.0,88.96000000000002
897,2020-11-23,South West,3249.0,3299824.0,91.63000000000002
898,2020-11-23,West Midlands,933.0,988433.0,104.97
899,2020-11-23,Yorkshire and The Humber,3420.0,3417690.0,104.67999999999999
900,2020-11-30,East,4990.0,5644290.0,90.13000000000001
901,2020-11-30,East Midlands,4174.0,4193363.0,101.465
902,2020-11-30,London,1225.0,1705203.0,103.695
903,2020-11-30,North East,973.0,1100516.0,91.02
904,2020-11-30,North West,2446.0,2067261.0,116.27499999999999
905,2020-11-30,South East,1482.0,1583295.0,90.045
906,2020-11-30,South West,3003.0,3300453.0,84.71
907,2020-11-30,West Midlands,958.0,988264.0,107.67
908,2020-11-30,Yorkshire and The Humber,3381.0,3417740.0,104.05
909,2020-12-07,East,4867.0,5644496.0,87.93000000000002
910,2020-12-07,East Midlands,4024.0,4193945.0,97.55999999999999
911,2020-12-07,London,1128.0,1705735.0,94.14500000000001
912,2020-12-07,North East,1020.0,1100564.0,95.45500000000001
913,2020-12-07,North West,2336.0,2067525.0,110.755
914,2020-12-07,South East,1463.0,1583592.0,88.89
915,2020-12-07,South West,2870.0,3300918.0,80.62
916,2020-12-07,West Midlands,861.0,988288.0,97.02499999999999
917,2020-12-07,Yorkshire and The Humber,3401.0,3418014.0,104.01
918,2020-12-14,East,4320.0,5645271.0,78.14500000000001
919,2020-12-14,East Midlands,3560.0,4194580.0,86.205
920,2020-12-14,London,1180.0,1706669.0,97.845
921,2020-12-14,North East,957.0,1100446.0,89.09
922,2020-12-14,North West,2093.0,2067592.0,99.59
923,2020-12-14,South East,1273.0,1583984.0,77.405
924,2020-12-14,South West,2612.0,3301213.0,74.065
925,2020-12-14,West Midlands,830.0,988169.0,93.75500000000002
926,2020-12-14,Yorkshire and The Humber,3033.0,3418178.0,92.74999999999999
927,2020-12-21,East,2787.0,5645847.0,50.260000000000005
928,2020-12-21,East Midlands,2654.0,4195102.0,64.305
929,2020-12-21,London,718.0,1707668.0,58.86000000000001
930,2020-12-21,North East,626.0,1100419.0,58.485
931,2020-12-21,North West,1385.0,2067805.0,66.25500000000001
932,2020-12-21,South East,851.0,1584063.0,51.76500000000001
933,2020-12-21,South West,1781.0,3302081.0,50.720000000000006
934,2020-12-21,West Midlands,602.0,988176.0,66.435
935,2020-12-21,Yorkshire and The Humber,2083.0,3418462.0,63.7
936,2020-12-28,East,1273.0,5646125.0,23.035
937,2020-12-28,East Midlands,1270.0,4195208.0,30.779999999999998
938,2020-12-28,London,276.0,1708110.0,22.060000000000002
939,2020-12-28,North East,290.0,1100305.0,26.93
940,2020-12-28,North West,713.0,2067698.0,34.155
941,2020-12-28,South East,369.0,1584081.0,22.735000000000003
942,2020-12-28,South West,932.0,3302361.0,26.855
943,2020-12-28,West Midlands,258.0,988240.0,28.110000000000003
944,2020-12-28,Yorkshire and The Humber,974.0,3418430.0,29.71999999999999
